INSERT INTO auth.account ("accountId", "accountName", "displayName", "accountType", "emailAddress", enabled, password, "passwordChangeRequired", "passwordLastChange", locked, "lockDate", "badPasswordCount", "lastLogin", "lastIp", "replacingUserAccountId", "firstName", "lastName", title, salt, "tokenDate", authentication, preferences) VALUES 
('ccordy', 'ccordy', 'Chloé CORDY', 'user', 'support@maarch.fr', true, 'fffd2272074225feae229658e248b81529639e6199051abdeb49b6ed60adf13d', false, NULL, false, NULL, 0, NULL, NULL, NULL, 'Chloé', 'CORDY', 'Mme.', NULL, NULL, NULL, NULL),
('ccox', 'ccox', 'Courtney COX', 'user', 'support@maarch.fr', true, 'fffd2272074225feae229658e248b81529639e6199051abdeb49b6ed60adf13d', false, NULL, false, NULL, 0, NULL, NULL, NULL, 'Courtney', 'COX', 'Mme.', NULL, NULL, NULL, NULL),
('ddur', 'ddur', 'Dominique DUR', 'user', 'support@maarch.fr', true, 'fffd2272074225feae229658e248b81529639e6199051abdeb49b6ed60adf13d', false, NULL, false, NULL, 0, NULL, NULL, NULL, 'Dominique', 'DUR', 'M.', NULL, NULL, NULL, NULL),
('eerina', 'eerina', 'Edith ERINA', 'user', 'support@maarch.fr', true, 'fffd2272074225feae229658e248b81529639e6199051abdeb49b6ed60adf13d', false, NULL, false, NULL, 0, NULL, NULL, NULL, 'Edith', 'ERINA', 'Mme.', NULL, NULL, NULL, NULL),
('jjane', 'jjane', 'Jenny JANE', 'user', 'support@maarch.fr', true, 'fffd2272074225feae229658e248b81529639e6199051abdeb49b6ed60adf13d', false, NULL, false, NULL, 0, NULL, NULL, NULL, 'Jenny', 'JANE', 'Mme.', NULL, NULL, NULL, NULL),
('kkaar', 'kkaar', 'Katy KAAR', 'user', 'support@maarch.fr', true, 'fffd2272074225feae229658e248b81529639e6199051abdeb49b6ed60adf13d', false, NULL, false, NULL, 0, NULL, NULL, NULL, 'Katy', 'KAAR', 'Mme.', NULL, NULL, NULL, NULL),
('aastier', 'aastier', 'Alexandre ASTIER', 'user', 'support@maarch.fr', true, 'fffd2272074225feae229658e248b81529639e6199051abdeb49b6ed60adf13d', false, NULL, false, NULL, 0, '2019-03-15 10:19:10.46925', '127.0.0.1', NULL, 'Alexandre', 'ASTIER', 'M.', NULL, NULL, NULL, NULL),
('aackermann', 'aackermann', 'Amanda ACKERMANN', 'user', 'support@maarch.fr', true, 'fffd2272074225feae229658e248b81529639e6199051abdeb49b6ed60adf13d', false, NULL, false, NULL, 0, NULL, NULL, NULL, 'Amanda', 'ACKERMANN', 'Mme.', NULL, NULL, NULL, NULL),
('aadams', 'aadams', 'Amy ADAMS', 'user', 'support@maarch.fr', true, 'fffd2272074225feae229658e248b81529639e6199051abdeb49b6ed60adf13d', false, NULL, false, NULL, 0, '2019-03-15 10:20:33.964708', '127.0.0.1', NULL, 'Amy', 'ADAMS', 'Mme.', NULL, NULL, NULL, NULL),
('cchaplin', 'cchaplin', 'Charlie CHAPLIN', 'user', 'support@maarch.fr', true, 'fffd2272074225feae229658e248b81529639e6199051abdeb49b6ed60adf13d', false, NULL, false, NULL, 0, NULL, NULL, NULL, 'Charlie', 'CHAPLIN', 'M.', NULL, NULL, NULL, NULL),
('ppetit', 'ppetit', 'Patricia PETIT', 'user', 'support@maarch.fr', true, 'fffd2272074225feae229658e248b81529639e6199051abdeb49b6ed60adf13d', false, NULL, false, NULL, 0, NULL, NULL, NULL, 'Patricia', 'PETIT', 'Mme.', NULL, NULL, NULL, NULL),
('ppreboist', 'ppreboist', 'Paul PREBOIST', 'user', 'support@maarch.fr', true, 'fffd2272074225feae229658e248b81529639e6199051abdeb49b6ed60adf13d', false, NULL, false, NULL, 0, NULL, NULL, NULL, 'Paul', 'PREBOIST', 'M.', NULL, NULL, NULL, NULL),
('ppruvost', 'ppruvost', 'Pierre PRUVOST', 'user', 'support@maarch.fr', true, 'fffd2272074225feae229658e248b81529639e6199051abdeb49b6ed60adf13d', false, NULL, false, NULL, 0, NULL, NULL, NULL, 'Pierre', 'PRUVOST', 'M.', NULL, NULL, NULL, NULL),
('rrenaud', 'rrenaud', 'Robert RENAUD', 'user', 'support@maarch.fr', true, 'fffd2272074225feae229658e248b81529639e6199051abdeb49b6ed60adf13d', false, NULL, false, NULL, 0, NULL, NULL, NULL, 'Robert', 'RENAUD', 'M.', NULL, NULL, NULL, NULL),
('rreynolds', 'rreynolds', 'Ryan REYNOLDS', 'user', 'support@maarch.fr', true, 'fffd2272074225feae229658e248b81529639e6199051abdeb49b6ed60adf13d', false, NULL, false, NULL, 0, NULL, NULL, NULL, 'Ryan', 'REYNOLDS', 'M.', NULL, NULL, NULL, NULL),
('ssaporta', 'ssaporta', 'Sabrina SAPORTA', 'user', 'support@maarch.fr', true, 'fffd2272074225feae229658e248b81529639e6199051abdeb49b6ed60adf13d', false, NULL, false, NULL, 0, NULL, NULL, NULL, 'Sabrina', 'SAPORTA', 'Mme.', NULL, NULL, NULL, NULL),
('ssissoko', 'ssissoko', 'Sylvain SISSOKO', 'user', 'support@maarch.fr', true, 'fffd2272074225feae229658e248b81529639e6199051abdeb49b6ed60adf13d', false, NULL, false, NULL, 0, NULL, NULL, NULL, 'Sylvain', 'SISSOKO', 'M.', NULL, NULL, NULL, NULL),
('sstallone', 'sstallone', 'Sylvester STALLONE', 'user', 'support@maarch.fr', true, 'fffd2272074225feae229658e248b81529639e6199051abdeb49b6ed60adf13d', false, NULL, false, NULL, 0, NULL, NULL, NULL, 'Sylvester', 'STALLONE', 'M.', NULL, NULL, NULL, NULL),
('sstar', 'sstar', 'Suzanne STAR', 'user', 'support@maarch.fr', true, 'fffd2272074225feae229658e248b81529639e6199051abdeb49b6ed60adf13d', false, NULL, false, NULL, 0, NULL, NULL, NULL, 'Suzanne', 'STAR', 'Mme.', NULL, NULL, NULL, NULL),
('ttong', 'ttong', 'Tony TONG', 'user', 'support@maarch.fr', true, 'fffd2272074225feae229658e248b81529639e6199051abdeb49b6ed60adf13d', false, NULL, false, NULL, 0, NULL, NULL, NULL, 'Tony', 'TONG', 'M.', NULL, NULL, NULL, NULL),
('ccharles', 'ccharles', 'Charlotte CHARLES', 'user', 'support@maarch.fr', true, 'fffd2272074225feae229658e248b81529639e6199051abdeb49b6ed60adf13d', false, NULL, false, NULL, 0, NULL, NULL, NULL, 'Charlotte', 'CHARLES', 'Mme.', NULL, NULL, NULL, NULL),
('nnataly', 'nnataly', 'Nancy NATALY', 'user', 'support@maarch.fr', true, 'fffd2272074225feae229658e248b81529639e6199051abdeb49b6ed60adf13d', false, NULL, false, NULL, 0, '2019-03-15 11:07:45.462923', '127.0.0.1', NULL, 'Nancy', 'NATALY', 'Mme.', NULL, NULL, NULL, NULL),
('sstone', 'sstone', 'Sharon STONE', 'user', 'support@maarch.fr', true, 'fffd2272074225feae229658e248b81529639e6199051abdeb49b6ed60adf13d', false, NULL, false, NULL, 0, '2019-03-15 08:30:27.732025', '127.0.0.1', NULL, 'Sharon', 'STONE', 'Mme.', NULL, NULL, NULL, NULL),
('superadmin', 'superadmin', 'super admin', 'user', 'support@maarch.fr', true, '186cf774c97b60a1c106ef718d10970a6a06e06bef89553d9ae65d938a886eae', false, NULL, false, NULL, 0, '2019-03-15 07:43:51.395555', '127.0.0.1', NULL, 'Admin', 'Super', 'M.', NULL, NULL, NULL, NULL),
('bblier', 'bblier', 'Bernard BLIER', 'user', 'support@maarch.fr', true, 'fffd2272074225feae229658e248b81529639e6199051abdeb49b6ed60adf13d', false, NULL, false, NULL, 0, '2019-03-15 13:26:01.022593', '127.0.0.1', NULL, 'Bernard', 'BLIER', 'M.', NULL, NULL, NULL, NULL),
('ttule', 'ttule', 'Thierry TULE', 'user', 'support@maarch.fr', true, 'fffd2272074225feae229658e248b81529639e6199051abdeb49b6ed60adf13d', false, NULL, false, NULL, 0, NULL, NULL, NULL, 'Thierry', 'TULE', 'M.', NULL, NULL, NULL, NULL),
('vvictoire', 'vvictoire', 'Victor VICTOIRE', 'user', 'support@maarch.fr', true, 'fffd2272074225feae229658e248b81529639e6199051abdeb49b6ed60adf13d', false, NULL, false, NULL, 0, NULL, NULL, NULL, 'Victor', 'VICTOIRE', 'M.', NULL, NULL, NULL, NULL),
('SystemDepositor', 'Systeme versant', 'Systeme versant', 'service', '', true, 'RJpzB36bmR+iuz/aHN9Zl9PDn8tZEs4mzsz9ORUXZpbMim/ilUMpE9FzYG3TW0Eii0Oy1PaFyJ35aBqcMU3gvAq4v0ZY0Z/r0cPVzbAaymd1UEnsAe3MjqGLt7BxvxiHJQ==', true, NULL, false, NULL, 0, NULL, NULL, NULL, NULL, NULL, NULL, '87eda47a7218326af0e3f4eaad7c2c22', '2019-03-19 07:56:55.287696', NULL, NULL),
('System', 'Systeme', 'Systeme', 'service', '', true, 'RJpzB36bmR+iuz/aHN9Zl9PDn8tZEs4mzsz9OXNeNIrej2+v3UMzAsF3PSzDUlZ73kPvgqbQmZvza0eZO062uQu57Rdah9z3mdbTh6NBiiR8FQTnW6eVgQ==', true, NULL, false, NULL, 0, NULL, NULL, NULL, NULL, NULL, NULL, '63ce15235abe97db0182e6857c1da763', '2019-03-19 07:54:33.464846', NULL, NULL),
('ggrand', 'ggrand', 'George GRAND', 'user', 'support@maarch.fr', true, 'fffd2272074225feae229658e248b81529639e6199051abdeb49b6ed60adf13d', false, NULL, false, NULL, 0, '2019-03-15 07:57:01.613677', '127.0.0.1', NULL, 'George', 'GRAND', 'M.', NULL, NULL, NULL, NULL),
('bbain', 'bbain', 'Barbara BAIN', 'user', 'support@maarch.fr', true, 'fffd2272074225feae229658e248b81529639e6199051abdeb49b6ed60adf13d', false, NULL, false, NULL, 0, NULL, NULL, NULL, 'Barbara', 'BAIN', 'Mme.', NULL, NULL, NULL, NULL),
('workflow_pod5l0-232e-0aggqt', 'bbardot', 'Brigitte BARDOT', 'user', 'support@maarch.fr', true, 'fffd2272074225feae229658e248b81529639e6199051abdeb49b6ed60adf13d', true, '2019-03-14 15:55:48.901327', false, NULL, 0, NULL, NULL, NULL, 'Brigitte', 'BARDOT', 'Mme', NULL, NULL, NULL, NULL),
('bboule', 'bboule', 'Bruno BOULE', 'user', 'support@maarch.fr', true, 'fffd2272074225feae229658e248b81529639e6199051abdeb49b6ed60adf13d', false, NULL, false, NULL, 0, NULL, NULL, NULL, 'Bruno', 'BOULE', 'M.', NULL, NULL, NULL, NULL),
('ccamus', 'ccamus', 'Cyril CAMUS', 'user', 'support@maarch.fr', true, 'fffd2272074225feae229658e248b81529639e6199051abdeb49b6ed60adf13d', false, NULL, false, NULL, 0, NULL, NULL, NULL, 'Cyril', 'CAMUS', 'M.', NULL, NULL, NULL, NULL),
('ddaull', 'ddaull', 'Denis DAULL', 'user', 'support@maarch.fr', true, 'fffd2272074225feae229658e248b81529639e6199051abdeb49b6ed60adf13d', false, NULL, false, NULL, 0, NULL, NULL, NULL, 'Denis', 'DAULL', 'M.', NULL, NULL, NULL, NULL),
('ddenis', 'ddenis', 'Didier DENIS', 'user', 'support@maarch.fr', true, 'fffd2272074225feae229658e248b81529639e6199051abdeb49b6ed60adf13d', false, NULL, false, NULL, 0, NULL, NULL, NULL, 'Didier', 'DENIS', 'M.', NULL, NULL, NULL, NULL),
('aalambic', 'aalambic', 'Alain ALAMBIC', 'user', 'support@maarch.fr', true, 'fffd2272074225feae229658e248b81529639e6199051abdeb49b6ed60adf13d', false, NULL, false, NULL, 0, '2019-03-15 13:32:20.964652', '127.0.0.1', NULL, 'Alain', 'ALAMBIC', 'M.', NULL, NULL, NULL, NULL),
('hhier', 'hhier', 'Hubert HIER', 'user', 'support@maarch.fr', true, 'fffd2272074225feae229658e248b81529639e6199051abdeb49b6ed60adf13d', false, NULL, false, NULL, 0, NULL, NULL, NULL, 'Hubert', 'HIER', 'M.', NULL, NULL, NULL, NULL),
('jjonasz', 'jjonasz', 'Jean JONASZ', 'user', 'support@maarch.fr', true, 'fffd2272074225feae229658e248b81529639e6199051abdeb49b6ed60adf13d', false, NULL, false, NULL, 0, NULL, NULL, NULL, 'Jean', 'JONASZ', 'M.', NULL, NULL, NULL, NULL),
('mmanfred', 'mmanfred', 'Martin MANFRED', 'user', 'support@maarch.fr', true, 'fffd2272074225feae229658e248b81529639e6199051abdeb49b6ed60adf13d', false, NULL, false, NULL, 0, NULL, NULL, NULL, 'Martin', 'MANFRED', 'M.', NULL, NULL, NULL, NULL),
('ppacioli', 'ppacioli', 'Paolo PACIOLI', 'user', 'support@maarch.fr', true, 'fffd2272074225feae229658e248b81529639e6199051abdeb49b6ed60adf13d', false, NULL, false, NULL, 0, NULL, NULL, NULL, 'Paolo', 'PACIOLI', 'M.', NULL, NULL, NULL, NULL),
('kkrach', 'kkrach', 'Kevin KRACH', 'user', 'support@maarch.fr', true, 'fffd2272074225feae229658e248b81529639e6199051abdeb49b6ed60adf13d', false, NULL, false, NULL, 0, '2019-03-15 08:30:03.559857', '127.0.0.1', NULL, 'Kevin', 'KRACH', 'M.', NULL, NULL, NULL, NULL)
;

INSERT INTO auth.role ("roleId", "roleName", description, enabled) VALUES 
('ADMIN', 'Administrateur technique', 'Groupe des administrateurs techniques du système', true),
('CORRESPONDANT_ARCHIVES', 'Correspondant d''archives', 'Groupe des archivistes / records managers / référents d''archives / administrateur fonctionnels', true),
('UTILISATEUR', 'Utilisateur', 'Groupe des utilisateurs, consultation et navigation', true),
('workflow_pod3au-0037-nz1f8t', 'Responsable d''activité', 'Groupe des responsables de service et des activités', true),
('workflow_pod3c1-1bc0-zh5adq', 'Producteur', 'Groupe des producteurs, versants', true)
;

INSERT INTO auth.privilege ("roleId", "userStory") VALUES 
('workflow_pod3au-0037-nz1f8t', 'workflow/*'),
('workflow_pod3au-0037-nz1f8t', 'archiveDeposit/*'),
('workflow_pod3au-0037-nz1f8t', 'archiveManagement/checkIntegrity'),
('workflow_pod3au-0037-nz1f8t', 'archiveManagement/filePlan'),
('workflow_pod3au-0037-nz1f8t', 'archiveManagement/modifyDescription'),
('workflow_pod3au-0037-nz1f8t', 'archiveManagement/modify'),
('workflow_pod3au-0037-nz1f8t', 'archiveManagement/retrieve'),
('workflow_pod3au-0037-nz1f8t', 'destruction/*'),
('workflow_pod3c1-1bc0-zh5adq', 'workflow/*'),
('workflow_pod3c1-1bc0-zh5adq', 'archiveDeposit/*'),
('workflow_pod3c1-1bc0-zh5adq', 'archiveManagement/filePlan'),
('workflow_pod3c1-1bc0-zh5adq', 'archiveManagement/modify'),
('ADMIN', 'adminFunc/adminAuthorization'),
('ADMIN', 'adminFunc/adminOrgUser'),
('ADMIN', 'adminFunc/adminOrganization'),
('ADMIN', 'adminFunc/adminServiceaccount'),
('ADMIN', 'adminFunc/adminUseraccount'),
('ADMIN', 'adminFunc/batchScheduling'),
('ADMIN', 'adminTech/*'),
('ADMIN', 'journal/audit'),
('CORRESPONDANT_ARCHIVES', 'adminArchive/*'),
('CORRESPONDANT_ARCHIVES', 'adminFunc/AdminArchivalProfileAccess'),
('CORRESPONDANT_ARCHIVES', 'adminFunc/adminAuthorization'),
('CORRESPONDANT_ARCHIVES', 'adminFunc/adminOrgContact'),
('CORRESPONDANT_ARCHIVES', 'adminFunc/adminOrgUser'),
('CORRESPONDANT_ARCHIVES', 'adminFunc/adminOrganization'),
('CORRESPONDANT_ARCHIVES', 'adminFunc/adminUseraccount'),
('CORRESPONDANT_ARCHIVES', 'archiveDeposit/*'),
('CORRESPONDANT_ARCHIVES', 'archiveManagement/*'),
('CORRESPONDANT_ARCHIVES', 'destruction/*'),
('CORRESPONDANT_ARCHIVES', 'journal/lifeCycleJournal'),
('CORRESPONDANT_ARCHIVES', 'journal/searchLogArchive')
;

INSERT INTO auth."roleMember" ("roleId", "userAccountId") VALUES 
('workflow_pod3c1-1bc0-zh5adq', 'aalambic'),
('workflow_pod3c1-1bc0-zh5adq', 'bbain'),
('workflow_pod3c1-1bc0-zh5adq', 'ccamus'),
('workflow_pod3c1-1bc0-zh5adq', 'ddaull'),
('workflow_pod3c1-1bc0-zh5adq', 'ddur'),
('workflow_pod3c1-1bc0-zh5adq', 'ggrand'),
('workflow_pod3c1-1bc0-zh5adq', 'hhier'),
('workflow_pod3c1-1bc0-zh5adq', 'jjane'),
('workflow_pod3c1-1bc0-zh5adq', 'jjonasz'),
('workflow_pod3c1-1bc0-zh5adq', 'kkaar'),
('workflow_pod3c1-1bc0-zh5adq', 'kkrach'),
('workflow_pod3c1-1bc0-zh5adq', 'mmanfred'),
('workflow_pod3c1-1bc0-zh5adq', 'ppacioli'),
('workflow_pod3c1-1bc0-zh5adq', 'ppetit'),
('workflow_pod3c1-1bc0-zh5adq', 'ppreboist'),
('workflow_pod3c1-1bc0-zh5adq', 'rrenaud'),
('workflow_pod3c1-1bc0-zh5adq', 'rreynolds'),
('workflow_pod3c1-1bc0-zh5adq', 'ssaporta'),
('workflow_pod3c1-1bc0-zh5adq', 'ssissoko'),
('workflow_pod3c1-1bc0-zh5adq', 'sstar'),
('workflow_pod3c1-1bc0-zh5adq', 'ttong'),
('workflow_pod3c1-1bc0-zh5adq', 'ttule'),
('workflow_pod3c1-1bc0-zh5adq', 'vvictoire'),
('workflow_pod3c1-1bc0-zh5adq', 'workflow_pod5l0-232e-0aggqt'),
('ADMIN', 'superadmin'),
('workflow_pod3au-0037-nz1f8t', 'aackermann'),
('workflow_pod3au-0037-nz1f8t', 'aadams'),
('workflow_pod3au-0037-nz1f8t', 'aastier'),
('CORRESPONDANT_ARCHIVES', 'bblier'),
('UTILISATEUR', 'bboule'),
('UTILISATEUR', 'cchaplin'),
('UTILISATEUR', 'ccordy'),
('workflow_pod3au-0037-nz1f8t', 'ccox'),
('CORRESPONDANT_ARCHIVES', 'ddenis'),
('workflow_pod3au-0037-nz1f8t', 'eerina'),
('workflow_pod3au-0037-nz1f8t', 'nnataly'),
('UTILISATEUR', 'ppruvost'),
('UTILISATEUR', 'sstallone'),
('workflow_pod3au-0037-nz1f8t', 'sstone'),
('CORRESPONDANT_ARCHIVES', 'ccharles')
;

INSERT INTO auth."servicePrivilege" ("accountId", "serviceURI") VALUES 
('SystemDepositor', 'recordsManagement/archive/createArchiveBatch'),
('SystemDepositor', 'recordsManagement/archive/create'),
('System', 'audit/event/createChainjournal'),
('System', 'batchProcessing/scheduling/updateProcess'),
('System', 'lifeCycle/journal/createChainjournal'),
('System', 'recordsmanagement/archivecompliance/readperiodic'),
('System', 'recordsManagement/archives/deleteDisposablearchives'),
('System', 'recordsManagement/archives/updateArchivesretentionrule'),
('System', 'recordsManagement/archives/updateIndexfulltext')
;

INSERT INTO "batchProcessing".scheduling ("schedulingId", name, "taskId", frequency, parameters, "executedBy", "lastExecution", "nextExecution", status) VALUES 
('chainJournalAudit', 'Chaînage audit', '01', '00;20;;;;;;;', NULL, 'System', '2019-03-14 17:16:46.83441', '2019-03-15 19:00:00', 'scheduled'),
('chainJournalLifeCycle', 'Chaînage du journal du cycle de vie', '02', '00;20;;;;;;;', NULL, 'System', '2019-03-14 17:17:08.959422', '2019-03-15 19:00:00', 'scheduled'),
('deleteArchive', 'Destruction', '04', '00;19;;;;;;;', NULL, 'System', '2019-03-14 17:17:10.155329', '2019-03-15 18:00:00', 'scheduled'),
('integrity', 'Intégrité', '03', '00;01;;;;4;H;00;20', NULL, 'System', '2019-03-14 17:17:41.825506', '2019-03-14 21:17:41.825513', 'scheduled')
;
INSERT INTO "batchProcessing"."scheduling" 
("schedulingId", "name", "executedBy", "taskId", "frequency","parameters","lastExecution","nextExecution","status") VALUES
('processDelivery', 'Traiter les communications', 'System','04', '00;03;;;;;;;',null,null,null,'paused'),
('processdestruction', 'Traiter les destructions', 'System','05', '00;04;;;;;;;',null,null,null,'paused'),
('processRestitution', 'Traiter les restitutions', 'System','06', '00;05;;;;;;;',null,null,null,'paused'),
('processTransfer', 'Traiter les transferts', 'System','07', '00;06;;;;;;;',null,null,null,'paused'),
('validateTransfer', 'Valider les transfert', 'System','08', '00;07;;;;;;;',null,null,null,'paused'),
('purge', 'Purge', 'System', '09', '00;08;;;;;;;',null,null,null,'paused')
;

INSERT INTO contact."communicationMean" (code, name, enabled) VALUES 
('TE', 'Téléphone', true),
('AL', 'Téléphone mobile', true),
('FX', 'Fax', true),
('AO', 'URL', true),
('AU', 'FTP', true),
('EM', 'E-mail', true),
('AH', 'World Wide Web', false)
;

INSERT INTO "digitalResource".cluster ("clusterId", "clusterName", "clusterDescription") VALUES 
('archives', 'Digital_resource_cluster_for_archives', 'Digital resource cluster for archives')
;

INSERT INTO "digitalResource"."conversionRule" ("conversionRuleId", puid, "conversionService", "targetPuid") VALUES 
('workflow_pod75x-151b-v9jsef', 'fmt/412', 'dependency/fileSystem/plugins/libreOffice', 'fmt/95'),
('workflow_pod763-1691-dli2t0', 'fmt/291', 'dependency/fileSystem/plugins/libreOffice', 'fmt/18')
;

INSERT INTO "digitalResource".repository ("repositoryId", "repositoryName", "repositoryReference", "repositoryType", "repositoryUri", parameters, "maxSize", enabled) VALUES 
('archives_1', 'Digital resource repository for archives', 'repository_1', 'fileSystem', '/var/www/laabs/data/maarchRM/repository/archives_1', NULL, NULL, true),
('archives_2', 'Digital resource repository for archives 2', 'repository_2', 'fileSystem', '/var/www/laabs/data/maarchRM/repository/archives_2', NULL, NULL, true)
;

INSERT INTO "digitalResource"."clusterRepository" ("clusterId", "repositoryId", "writePriority", "readPriority", "deletePriority") VALUES 
('archives', 'archives_1', 1, 1, 1),
('archives', 'archives_2', 1, 2, 2)
;

INSERT INTO "lifeCycle"."eventFormat" (type, format, message, notification) VALUES 
('recordsManagement/accessRuleModification', 'resId hashAlgorithm hash address accessRuleStartDate accessRuleDuration previousAccessRuleStartDate previousAccessRuleDuration originatorOrgRegNumber archiverOrgRegNumber', 'Modification de la règle de communicabilité de l''archive %6$s', false),
('recordsManagement/addRelationship', 'resId hashAlgorithm hash address originatorOrgRegNumber archiverOrgRegNumber relatedArchiveId', 'Relation ajoutée avec l''archive %6$s', false),
('recordsManagement/archivalProfileModification', 'archivalProfileReference', 'Modification du profil %6$s.', false),
('recordsManagement/consultation', 'resId hash hashAlgorith address size', 'Consultation de la ressource %9$s', false),
('recordsManagement/conversion', 'resId hashAlgorithm hash address convertedResId convertedHashAlgorithm convertedHash convertedAddress software docId size', 'Conversion du document %18$s', false),
('recordsManagement/deleteRelationship', 'resId hashAlgorithm hash address originatorOrgRegNumber archiverOrgRegNumber relatedArchiveId', 'Relation avec l''archive %6$s supprimée', false),
('recordsManagement/delivery', 'resId hashAlgorithm hash address requesterOrgRegNumber archiverOrgRegNumber size', 'Communication de l''archive %6$s', false),
('recordsManagement/deposit', 'resId hashAlgorithm hash address originatorOrgRegNumber depositorOrgRegNumber archiverOrgRegNumber format size', 'Dépôt de l''archive %6$s', false),
('recordsManagement/descriptionModification', 'property', 'Modification des métadonnées de l''archive %6$s.', false),
('recordsManagement/destructionRequest', 'resId hashAlgorithm hash address originatorOrgRegNumber archiverOrgRegNumber size', 'Demande de destruction de l''archive %6$s', false),
('recordsManagement/destructionRequestCanceling', 'resId hashAlgorithm hash address originatorOrgRegNumber archiverOrgRegNumber size', 'Annulation de la demande de destruction de l''archive %6$s', false),
('recordsManagement/destruction', 'resId hashAlgorithm hash address originatorOrgRegNumber archiverOrgRegNumber size', 'Destruction de l''archive %6$s', false),
('recordsManagement/freeze', 'resId hashAlgorithm hash address originatorOrgRegNumber archiverOrgRegNumber', 'Gel de l''archive %6$s', false),
('recordsManagement/integrityCheck', 'resId hash hashAlgorithm address requesterOrgRegNumber info', 'Validation d''intégrité', false),
('recordsManagement/metadataModification', 'resId hashAlgorithm hash address originatorOrgRegNumber archiverOrgRegNumber', 'Modification des métadonnées de l''archive %6$s', false),
('recordsManagement/profileCreation', 'archivalProfileReference', 'Création du profil %6$s', false),
('recordsManagement/profileDestruction', 'archivalProfileReference', 'Destruction du profil %6$s', false),
('recordsManagement/periodicIntegrityCheck', 'startDatetime endDatetime nbArchivesToCheck nbArchivesInSample archivesChecked', 'Validation périodique de l''intégrité', false),
('recordsManagement/restitution', 'resId hashAlgorithm hash address originatorOrgRegNumber archiverOrgRegNumber size', 'Restitution de l''archive %6$s', false),
('recordsManagement/retentionRuleModification', 'resId hashAlgorithm hash address retentionStartDate retentionDuration finalDisposition previousStartDate previousDuration previousFinalDisposition originatorOrgRegNumber archiverOrgRegNumber', 'Modification de la règle de conservation de l''archive %6$s', false),
('recordsManagement/unfreeze', 'resId hashAlgorithm hash address originatorOrgRegNumber archiverOrgRegNumber', 'Dégel de l''archive %6$s', false),
('recordsManagement/resourceDestruction', 'resId hashAlgorithm hash address originatorOrgRegNumber archiverOrgRegNumber', 'Destruction de la ressource %9$s', FALSE),
('recordsManagement/depositNewResource', 'resId hashAlgorithm hash address originatorOrgRegNumber depositorOrgRegNumber archiverOrgRegNumber format size', 'Dépôt d''une ressource dans l''archive', FALSE)
;

INSERT INTO "lifeCycle"."eventFormat" ("type", "format", "notification", "message") VALUES
    ('recordsManagement/elimination', 'resId hashAlgorithm hash address originatorOrgRegNumber archiverOrgRegNumber size', FALSE, 'Élimination de l''archive %6$s'),
    ('medona/sending', 'type senderOrgRegNumber senderOrgName recipientOrgRegNumber recipientOrgName reference', FALSE, 'Envoi du message %14$s de type %9$s de %11$s (%10$s) à %13$s (%12$s)'),
    ('medona/reception', 'type senderOrgRegNumber senderOrgName recipientOrgRegNumber recipientOrgName reference', FALSE, 'Réception du message %14$s de type %9$s de %11$s (%10$s) par %13$s (%12$s)'),
    ('medona/authorization', 'type senderOrgRegNumber senderOrgName recipientOrgRegNumber recipientOrgName reference', FALSE, 'Demande d''autorisation du message %14$s de type %9$s de %11$s (%10$s) par %13$s (%12$s)'),
    ('medona/validation', 'type senderOrgRegNumber senderOrgName recipientOrgRegNumber recipientOrgName reference code info', FALSE, 'Validation du message %14$s : %16$s (%15$s)'),
    ('medona/acknowledgement', 'type senderOrgRegNumber senderOrgName recipientOrgRegNumber recipientOrgName reference code info', FALSE, 'Acquittement du message %14$s : %16$s (%15$s)'),
    ('medona/processing', 'type senderOrgRegNumber senderOrgName recipientOrgRegNumber recipientOrgName reference', FALSE, 'Traitement du message %14$s de type %9$s de %11$s (%10$s) par %13$s (%12$s)'),
    ('medona/acceptance', 'type senderOrgRegNumber senderOrgName recipientOrgRegNumber recipientOrgName reference', FALSE, 'Message %14$s de type %9$s accepté par %13$s (%12$s)'),
    ('medona/rejection', 'type senderOrgRegNumber senderOrgName recipientOrgRegNumber recipientOrgName reference', FALSE, 'Message %14$s de type %9$s rejeté par %13$s (%12$s)'),
    ('medona/retry', 'type senderOrgRegNumber senderOrgName recipientOrgRegNumber recipientOrgName reference', FALSE, 'Message %14$s de type %9$s réinitialisé par %13$s (%12$s)'),
    ('medona/modification', 'type senderOrgRegNumber senderOrgName recipientOrgRegNumber recipientOrgName reference', FALSE, 'Message %14$s de type %9$s modifié par %13$s (%12$s)')
    ;


INSERT INTO organization."orgType" (code, name) VALUES 
('Collectivite', 'Collectivité'),
('Societe', 'Société'),
('Direction', 'Direction d''une entreprise ou d''une collectivité'),
('Service', 'Service d''une entreprise ou d''une collectivité'),
('Division', 'Division d''une entreprise')
;

INSERT INTO organization.organization ("orgId", "orgName", "otherOrgName", "displayName", "registrationNumber", "beginDate", "endDate", "legalClassification", "businessType", description, "orgTypeCode", "orgRoleCodes", "taxIdentifier", "parentOrgId", "ownerOrgId", "isOrgUnit") VALUES 
('ACME', 'Archives Conservation et Mémoire Électronique', NULL, 'Archives Conservation et Mémoire Électronique', 'ACME', NULL, NULL, NULL, NULL, NULL, NULL, NULL, NULL, NULL, NULL, false),
('DAF', 'Direction Administrative et Financière', NULL, 'Direction Administrative et Financière', 'DAF', NULL, NULL, NULL, NULL, NULL, NULL, NULL, NULL, 'ACME', 'ACME', true),
('SJ', 'Service Juridique', NULL, 'Service Juridique', 'SJ', NULL, NULL, NULL, NULL, NULL, NULL, NULL, NULL, 'DAF', 'ACME', true),
('RH', 'Direction des Ressources Humaines', NULL, 'Direction des Ressources Humaines', 'RH', NULL, NULL, NULL, NULL, NULL, NULL, NULL, NULL, 'ACME', 'ACME', true),
('GIC', 'Gestion et Conservation de l''Information', NULL, 'Gestion et Conservation de l''Information', 'GIC', NULL, NULL, NULL, NULL, NULL, NULL, 'owner', NULL, 'ACME', 'ACME', true),
('DG', 'Direction Générale', NULL, 'Direction Générale', 'DG', NULL, NULL, NULL, NULL, NULL, NULL, NULL, NULL, 'DAF', 'ACME', true),
('SG', 'Services généraux', NULL, 'Direction des Services Généraux', 'SG', NULL, NULL, NULL, NULL, NULL, NULL, NULL, NULL, 'DAF', 'ACME', true),
('DOCSOC', 'Documents de société', NULL, 'Document de société', 'DOCSOC', NULL, NULL, NULL, NULL, NULL, NULL, NULL, NULL, 'DG', 'ACME', true),
('LITIGES', 'Suivi litiges Contentieux', NULL, 'Suivi des litiges et contentieux', 'LITIGES', NULL, NULL, NULL, NULL, NULL, NULL, NULL, NULL, 'DG', 'ACME', true),
('ASSU', 'Assurances Groupe', NULL, 'Assurances du Groupe', 'ASSU', NULL, NULL, NULL, NULL, NULL, NULL, NULL, NULL, 'SJ', 'ACME', true),
('DSI', 'Direction des SI', NULL, 'Direction des Systèmes d''Information', 'DSI', NULL, NULL, NULL, NULL, NULL, NULL, NULL, NULL, 'ACME', 'ACME', true),
('DSOC', 'Droit des sociétés', NULL, 'Droit des Sociétés', 'DSOC', NULL, NULL, NULL, NULL, NULL, NULL, NULL, NULL, 'SJ', 'ACME', true),
('CONCOM', 'Contrats Commerciaux', NULL, 'Contrats Commerciaux', 'CONCOM', NULL, NULL, NULL, NULL, NULL, NULL, NULL, NULL, 'SJ', 'ACME', true),
('PAIE', 'Rémunération et Paie', NULL, 'Rémunération et Paie', 'PAIE', NULL, NULL, NULL, NULL, NULL, NULL, NULL, NULL, 'RH', 'ACME', true),
('DIP', 'Dossiers du personnel', NULL, 'Dossiers Individuels du Personnel', 'DIP', NULL, NULL, NULL, NULL, NULL, NULL, NULL, NULL, 'RH', 'ACME', true),
('NOTFRA', 'Notes Frais', NULL, 'Gestion des Notes de Frais', 'NOTFRA', NULL, NULL, NULL, NULL, NULL, NULL, NULL, NULL, 'RH', 'ACME', true),
('MUT', 'Prévoyance/Mutuelle', NULL, 'Prévoyance/Mutuelle', 'MUT', NULL, NULL, NULL, NULL, NULL, NULL, NULL, NULL, 'RH', 'ACME', true),
('CTBLE', 'Service Comptable', NULL, 'Service Comptable', 'CTBLE', NULL, NULL, NULL, NULL, NULL, NULL, NULL, NULL, 'DAF', 'ACME', true),
('FOUR', 'Achats/Fournisseurs', NULL, 'Comptabilité Achats/Fournisseurs', 'FOUR', NULL, NULL, NULL, NULL, NULL, NULL, NULL, NULL, 'CTBLE', 'ACME', true),
('SALES', 'Ventes/Clients', NULL, 'Comptabilité Ventes/Clients', 'SALES', NULL, NULL, NULL, NULL, NULL, NULL, NULL, NULL, 'CTBLE', 'ACME', true),
('GEN', 'Comptabilité Générale', NULL, 'Comptabilité Générale/Éditions comptables', 'GEN', NULL, NULL, NULL, NULL, NULL, NULL, NULL, NULL, 'CTBLE', 'ACME', true),
('TRESO', 'Trésorerie', NULL, 'Trésorerie', 'TRESO', NULL, NULL, NULL, NULL, NULL, NULL, NULL, NULL, 'CTBLE', 'ACME', true),
('FISCA', 'Fiscalité', NULL, 'Fiscalité', 'FISCA', NULL, NULL, NULL, NULL, NULL, NULL, NULL, NULL, 'CTBLE', 'ACME', true),
('ACHAT', 'Achats Groupe', NULL, 'Achats Groupe', 'ACHAT', NULL, NULL, NULL, NULL, NULL, NULL, NULL, NULL, 'SG', 'ACME', true),
('SUPP', 'Support', NULL, 'Support', 'SUPP', NULL, NULL, NULL, NULL, NULL, NULL, NULL, NULL, 'DSI', 'ACME', true),
('DCIAL', 'Direction Commerciale', NULL, 'Direction Commerciale', 'DCIAL', NULL, NULL, NULL, NULL, NULL, NULL, NULL, NULL, 'ACME', 'ACME', true),
('CUST', 'Gestion Clients', NULL, 'Gestion Clients', 'CUST', NULL, NULL, NULL, NULL, NULL, NULL, NULL, NULL, 'DCIAL', 'ACME', true),
('MARK', 'Marketing', NULL, 'Marketing', 'MARK', NULL, NULL, NULL, NULL, NULL, NULL, NULL, NULL, 'DCIAL', 'ACME', true),
('DEAL', 'Offres Commerciales', NULL, 'Offres Commerciales', 'DEAL', NULL, NULL, NULL, NULL, NULL, NULL, NULL, NULL, 'DCIAL', 'ACME', true),
('BILAN', 'Comptes de bilan', NULL, 'Comptes de Bilan et Clôture d''Exercice', 'BILAN', NULL, NULL, NULL, NULL, NULL, NULL, NULL, NULL, 'CTBLE', 'ACME', true),
('AUTO', 'Gestion parc Auto', NULL, 'Gestion du Parc Automobile', 'AUTO', NULL, NULL, NULL, NULL, NULL, NULL, NULL, NULL, 'SG', 'ACME', true),
('NETT', 'Nettoyage des Locaux', NULL, 'Nettoyage des Locaux', 'NETT', NULL, NULL, NULL, NULL, NULL, NULL, NULL, NULL, 'SG', 'ACME', true),
('SOC', 'Charges Sociales', NULL, 'Charges Sociales', 'SOC', NULL, NULL, NULL, NULL, NULL, NULL, NULL, NULL, 'RH', 'ACME', true),
('TENDER', 'Appels d''offres', NULL, 'Réponses aux Appels d''Offres/Collectivités', 'TENDER', NULL, NULL, NULL, NULL, NULL, NULL, NULL, NULL, 'DCIAL', 'ACME', true),
('SIG', 'Gestion systèmes d''informations', NULL, 'Gestion des Systèmes d''Information', 'SIG', NULL, NULL, NULL, NULL, NULL, NULL, NULL, NULL, 'DSI', 'ACME', true),
('SYSRES', 'Système et Réseaux', NULL, 'Système et Réseaux', 'SYSRES', NULL, NULL, NULL, NULL, NULL, NULL, NULL, NULL, 'DSI', 'ACME', true)
;

INSERT INTO organization."archivalProfileAccess" ("orgId", "archivalProfileReference", "originatorAccess", "serviceLevelReference", "userAccess") VALUES 
('DAF', 'FACACH', false, '', '{"subProfile": {}, "processingStatuses": {"QUALIFIED": {"actions": {"reject": {}, "redirect": {}, "validate": {}}}, "VALIDATED": {"actions": {"reject": {}, "approve": {}}}}}'),
('DIP', 'DOSIP', true, '', NULL),
('DSI', 'FACACH', false, '', '{"subProfile": {}, "processingStatuses": {"QUALIFIED": {"actions": {"reject": {}, "redirect": {}, "validate": {}}}, "VALIDATED": {"actions": {"reject": {}, "approve": {}}}}}'),
('FOUR', 'FACACH', true, '', '{"history": {}, "subProfile": {}, "processingStatuses": {"NEW": {"actions": {"qualify": {}, "cancelQualify": {}}}, "APPROVED": {"actions": {"pay": {}, "updateMetadata": {}}}, "REJECTED": {"actions": {"cancelQualify": {}, "sendValidation": {}, "updateMetadata": {}, "sendToApprobation": {}}}, "MISQUALIFIED": {"actions": {"qualify": {}}}}}'),
('FOUR', 'FACJU', true, '', NULL),
('SALES', 'FACVEN', true, '', NULL),
('SG', 'FACACH', false, '', '{"subProfile": {}, "processingStatuses": {"QUALIFIED": {"actions": {"reject": {}, "redirect": {}, "validate": {}}}, "VALIDATED": {"actions": {"reject": {}, "approve": {}}}}}'),
('PAIE', 'BULPAI', true, '', '{"subProfile": {}, "processingStatuses": {}}'),
('DAF', 'NOTSER', true, '', '{"subProfile": {}, "processingStatuses": {}}'),
('DCIAL', 'NOTSER', true, '', '{"subProfile": {}, "processingStatuses": {}}'),
('RH', 'NOTSER', true, '', '{"subProfile": {}, "processingStatuses": {}}'),
('DSI', 'NOTSER', true, '', '{"subProfile": {}, "processingStatuses": {}}'),
('GIC', 'NOTSER', true, '', '{"subProfile": {}, "processingStatuses": {}}'),
('TENDER', 'PM', true, '', '{"subProfile": {}, "processingStatuses": {}}'),
('TENDER', 'COUNM', true, '', '{"subProfile": {}, "processingStatuses": {}}'),
('DOCSOC', 'FICCR', true, '', '{"subProfile": {}, "processingStatuses": {}}'),
('DOCSOC', 'LETC', true, '', '{"subProfile": {}, "processingStatuses": {}}'),
('DOCSOC', 'FICI', true, '', '{"subProfile": {}, "processingStatuses": {}}'),
('MARK', 'FACACH', false, '', '{"subProfile": {}, "processingStatuses": {"QUALIFIED": {"actions": {"reject": {}, "redirect": {}, "validate": {}}}}}'),
('DCIAL', 'FACACH', false, '', '{"subProfile": {}, "processingStatuses": {"VALIDATED": {"actions": {"reject": {}, "approve": {}}}}}')
;

INSERT INTO organization."servicePosition" ("serviceAccountId", "orgId") VALUES 
('SystemDepositor', 'GIC'),
('System', 'GIC');

INSERT INTO organization."userPosition" ("userAccountId", "orgId", function, "default") VALUES 
('ddaull', 'DAF', NULL, true),
('jjonasz', 'LITIGES', NULL, true),
('aackermann', 'FOUR', NULL, true),
('aalambic', 'FOUR', NULL, true),
('ccordy', 'FOUR', NULL, true),
('ccamus', 'TRESO', NULL, true),
('bboule', 'SALES', NULL, true),
('ddur', 'SALES', NULL, true),
('eerina', 'SALES', NULL, true),
('ttong', 'SALES', NULL, true),
('bbain', 'SJ', NULL, true),
('rrenaud', 'SG', NULL, true),
('ssaporta', 'AUTO', NULL, true),
('ppacioli', 'NETT', NULL, true),
('kkaar', 'TENDER', NULL, true),
('ssissoko', 'CUST', NULL, true),
('kkrach', 'MARK', NULL, true),
('mmanfred', 'DEAL', NULL, true),
('vvictoire', 'RH', NULL, true),
('hhier', 'PAIE', NULL, true),
('ppreboist', 'DSI', NULL, true),
('ppruvost', 'DSI', NULL, true),
('sstallone', 'SUPP', NULL, true),
('sstar', 'SUPP', NULL, true),
('ttule', 'SYSRES', NULL, true),
('ddenis', 'GIC', NULL, true),
('ccharles', 'GIC', NULL, true),
('aadams', 'DAF', NULL, true),
('aastier', 'SG', NULL, true),
('workflow_pod5l0-232e-0aggqt', 'GEN', NULL, true),
('bblier', 'GIC', NULL, true),
('cchaplin', 'RH', NULL, true),
('ccox', 'SJ', NULL, true),
('ggrand', 'RH', NULL, true),
('jjane', 'DOCSOC', NULL, true),
('nnataly', 'DSI', NULL, true),
('ppetit', 'CTBLE', NULL, true),
('rreynolds', 'ACHAT', NULL, true),
('sstone', 'DCIAL', NULL, true)
;


INSERT INTO "recordsManagement"."retentionRule" (code, duration, "finalDisposition", description, label, "implementationDate") VALUES 
('BULPAI', 'P5Y', 'destruction', 'Code du Travail, art. L3243-4 - Code de la Sécurité Sociale, art. L243-12', 'Bulletins de paie', NULL),
('DIP', 'P90Y', 'destruction', 'Convention Collective nationale de retraite et de prévoyance des cadres, art. 23', 'Dossier individuel du personnel', NULL),
('COM', 'P10Y', 'destruction', 'Code du commerce, Article L123-22', 'Documents comptables', NULL),
('IMP', 'P6Y', 'destruction', 'Livre des Procédures Fiscales, art 102 B et L 169 : Livres, registres, documents ou pièces sur lesquels peuvent s''exercer les droits de communication, d''enquête et de contrôle de l''administration', 'Contrôle de l''impôt', NULL),
('IMPS', 'P10Y', 'destruction', 'Livre des Procédures Fiscales, art 102 B et L 169 alinea 2: Les registres tenus en application du 9 de l''article 298 sexdecies F du code général des impôts et du 5 de l''article 298 sexdecies G du même code', 'Impôt sur les sociétés et liasses fiscales', NULL),
('IMPA', 'P3Y', 'destruction', 'Livre des Procédures Fiscales, art 102 B et L 169 alinea 3', 'Taxe professionnelle', NULL),
('GES', 'P5Y', 'destruction', 'Documents de gestion', 'Documents de gestion', NULL)
;

INSERT INTO "recordsManagement"."serviceLevel" ("serviceLevelId", reference, "digitalResourceClusterId", control, "default", "samplingFrequency", "samplingRate") VALUES
('ServiceLevel_001', 'serviceLevel_001', 'archives', 'formatDetection formatValidation virusCheck convertOnDeposit', false, 2, 50),
('ServiceLevel_002', 'serviceLevel_002', 'archives', '', true, 2, 50)
;

INSERT INTO "recordsManagement"."archivalProfile" ("archivalProfileId", reference, name, "descriptionSchema", "descriptionClass", "retentionStartDate", "retentionRuleCode", description, "accessRuleCode", "acceptUserIndex", "acceptArchiveWithoutProfile", "fileplanLevel", "processingStatuses") VALUES 
('1', 'COUA', 'Courrier Administratif', NULL, NULL, 'originatingDate', NULL, NULL, NULL, true, true, 'item', NULL),
('2', 'PRVN', 'Procès-Verbal de Négociation', NULL, NULL, 'originatingDate', NULL, NULL, NULL, true, true, 'item', NULL),
('3', 'PRVIF', 'Procès-verbal à Incidence Financière', NULL, NULL, 'originatingDate', NULL, NULL, NULL, true, true, 'item', NULL),
('4', 'ETAR', 'État de Rapprochement', NULL, NULL, 'originatingDate', NULL, NULL, NULL, true, true, 'item', NULL),
('5', 'RELCC', 'Relevé de Contrôle de Caisse', NULL, NULL, 'originatingDate', NULL, NULL, NULL, true, true, 'item', NULL),
('6', 'CTRF', 'Contrat Fournisseur', NULL, NULL, 'originatingDate', NULL, NULL, NULL, true, true, 'item', NULL),
('7', 'DCLTVA', 'Déclaration de TVA', NULL, NULL, 'originatingDate', 'IMP', NULL, NULL, true, true, 'file', NULL),
('8', 'QUTP', 'Quittance de Paiement', NULL, NULL, 'originatingDate', NULL, NULL, NULL, true, true, 'item', NULL),
('9', 'FICIC', 'Fiche d''Imputation Comptable', NULL, NULL, 'originatingDate', NULL, NULL, NULL, true, true, 'item', NULL),
('10', 'FACJU', 'Facture Justificative', NULL, NULL, 'originatingDate', 'COM', NULL, NULL, true, true, 'item', NULL),
('11', 'FICREC', 'Fiche Récapitulative', NULL, NULL, 'originatingDate', NULL, NULL, NULL, true, true, 'item', NULL),
('12', 'DOSC', 'Dossiers Caisse', NULL, NULL, 'originatingDate', NULL, NULL, NULL, true, true, 'file', NULL),
('13', 'PIECD', 'Pièce de Caisse-Dépense', NULL, NULL, 'originatingDate', NULL, NULL, NULL, true, true, 'item', NULL),
('14', 'PIEJ', 'Pièce Justificative', NULL, NULL, 'originatingDate', NULL, NULL, NULL, true, true, 'item', NULL),
('15', 'DOSB', 'Dossiers Banque', NULL, NULL, 'originatingDate', NULL, NULL, NULL, true, true, 'file', NULL),
('16', 'PIEBD', 'Pièce de Banque-Dépense', NULL, NULL, 'originatingDate', NULL, NULL, NULL, true, true, 'item', NULL),
('17', 'FICDG', 'Fiche DG', NULL, NULL, 'originatingDate', NULL, NULL, NULL, true, true, 'item', NULL),
('18', 'NOTSER', 'Note de service', NULL, NULL, 'originatingDate', NULL, NULL, NULL, true, true, 'item', NULL),
('19', 'PM', 'Passation de marché', NULL, NULL, 'originatingDate', NULL, NULL, NULL, true, true, 'file', NULL),
('20', 'BORT', 'Bordereau de transmission', NULL, NULL, 'originatingDate', NULL, NULL, NULL, true, true, 'item', NULL),
('21', 'COUNM', 'Courrier de notification de marché', NULL, NULL, 'originatingDate', NULL, NULL, NULL, true, true, 'item', NULL),
('22', 'PRVA', 'Procès-Verbal d''Attribution', NULL, NULL, 'originatingDate', NULL, NULL, NULL, true, true, 'item', NULL),
('23', 'PRVOP', 'Proces-Verbal d''Ouverture des Plis', NULL, NULL, 'originatingDate', NULL, NULL, NULL, true, true, 'item', NULL),
('24', 'RAPEO', 'Rapport d’Évaluation des Offres', NULL, NULL, 'originatingDate', NULL, NULL, NULL, true, true, 'item', NULL),
('26', 'DEMC', 'Demande de Cotation', NULL, NULL, 'originatingDate', NULL, NULL, NULL, true, true, 'item', NULL),
('27', 'RAPFOR', 'Rapport de Formation', NULL, NULL, 'originatingDate', NULL, NULL, NULL, true, true, 'item', NULL),
('28', 'DOSIP', 'Dossier Individuel du Personnel', NULL, NULL, 'originatingDate', 'DIP', NULL, NULL, true, true, 'file', NULL),
('29', 'ETAC', 'Etat Civil', NULL, NULL, 'originatingDate', NULL, NULL, NULL, true, true, 'item', NULL),
('30', 'CURV', 'Curriculum Vitae', NULL, NULL, 'originatingDate', NULL, NULL, NULL, true, true, 'item', NULL),
('31', 'EXTAN', 'Extrait d''Acte de Naissance', NULL, NULL, 'originatingDate', NULL, NULL, NULL, true, true, 'item', NULL),
('33', 'CASJU', 'Casier Judiciaire', NULL, NULL, 'originatingDate', NULL, NULL, NULL, true, true, 'item', NULL),
('34', 'ATTSU', 'Attestation de succès', NULL, NULL, 'originatingDate', NULL, NULL, NULL, true, true, 'item', NULL),
('35', 'CTRTRV', 'Contrat de Travail', NULL, NULL, 'originatingDate', NULL, NULL, NULL, true, true, 'item', NULL),
('37', 'ATTT', 'Attestation de Travail', NULL, NULL, 'originatingDate', NULL, NULL, NULL, true, true, 'item', NULL),
('39', 'CNSS', 'Caisse Nationale de Sécurité Sociale', NULL, NULL, 'originatingDate', NULL, NULL, NULL, true, true, 'item', NULL),
('41', 'CAR', 'Carrière', NULL, NULL, 'originatingDate', NULL, NULL, NULL, true, true, 'item', NULL),
('42', 'DECIN', 'Décision de nomination', NULL, NULL, 'originatingDate', NULL, NULL, NULL, true, true, 'item', NULL),
('43', 'DECIR', 'Décision de redéploiement', NULL, NULL, 'originatingDate', NULL, NULL, NULL, true, true, 'item', NULL),
('47', 'ATTF', 'Attestation de formation', NULL, NULL, 'originatingDate', NULL, NULL, NULL, true, true, 'item', NULL),
('53', 'COURRN', 'Courrier Répartition du Résultat Net', NULL, NULL, 'originatingDate', NULL, NULL, NULL, true, true, 'item', NULL),
('54', 'COUDS', 'Courrier Domiciliation de Salaire', NULL, NULL, 'originatingDate', NULL, NULL, NULL, true, true, 'item', NULL),
('55', 'FICP', 'Fiche de Poste', NULL, NULL, 'originatingDate', NULL, NULL, NULL, true, true, 'item', NULL),
('56', 'FICF', 'Fiche de Fonction', NULL, NULL, 'originatingDate', NULL, NULL, NULL, true, true, 'item', NULL),
('57', 'DEMA', 'Demandes Administratives', NULL, NULL, 'originatingDate', NULL, NULL, NULL, true, true, 'item', NULL),
('58', 'COUAA', 'Courrier Autorisation d''Absence', NULL, NULL, 'originatingDate', NULL, NULL, NULL, true, true, 'item', NULL),
('59', 'COUCA', 'Courrier Congés Administratifs', NULL, NULL, 'originatingDate', NULL, NULL, NULL, true, true, 'item', NULL),
('60', 'COUDE', 'Courrier Demande d''Emploi', NULL, NULL, 'originatingDate', NULL, NULL, NULL, true, true, 'item', NULL),
('61', 'DOSETU', 'Dossier de Synthèse et d’Étude', NULL, NULL, 'originatingDate', NULL, NULL, NULL, true, true, 'file', NULL),
('62', 'FICRM', 'Fiche de Remontée Mensuelle', NULL, NULL, 'originatingDate', NULL, NULL, NULL, true, true, 'item', NULL),
('63', 'RAPT', 'Rapport Trimestriel', NULL, NULL, 'originatingDate', NULL, NULL, NULL, true, true, 'item', NULL),
('64', 'RAPMOE', 'Rapport de Mise en Œuvre', NULL, NULL, 'originatingDate', NULL, NULL, NULL, true, true, 'item', NULL),
('65', 'RAPA', 'Rapport d''Activité', NULL, NULL, 'originatingDate', NULL, NULL, NULL, true, true, 'item', NULL),
('66', 'RAPSE', 'Rapport de Suivi et Évaluation', NULL, NULL, 'originatingDate', NULL, NULL, NULL, true, true, 'item', NULL),
('67', 'RAPGES', 'Rapport de Gestion', NULL, NULL, 'originatingDate', NULL, NULL, NULL, true, true, 'item', NULL),
('68', 'TDRE', 'Termes de Références des Études', NULL, NULL, 'originatingDate', NULL, NULL, NULL, true, true, 'item', NULL),
('69', 'DCRN', 'Décret de Nomination', NULL, NULL, 'originatingDate', NULL, NULL, NULL, true, true, 'item', NULL),
('70', 'FICCR', 'Fiche de compte rendu', NULL, NULL, 'originatingDate', NULL, NULL, NULL, true, true, 'item', NULL),
('71', 'LETC', 'Lettre circulaire', NULL, NULL, 'originatingDate', NULL, NULL, NULL, true, true, 'item', NULL),
('72', 'FICI', 'Fiche d''instruction', NULL, NULL, 'originatingDate', NULL, NULL, NULL, true, true, 'item', NULL),
('73', 'RAPAMI', 'Rapport d''Audit et Missions Internes', NULL, NULL, 'originatingDate', NULL, NULL, NULL, true, true, 'item', NULL),
('74', 'RAPAE', 'Rapport d''Audit Externe', NULL, NULL, 'originatingDate', NULL, NULL, NULL, true, true, 'item', NULL),
('75', 'RAPER', 'Rapport d’Études et Recherches', NULL, NULL, 'originatingDate', NULL, NULL, NULL, true, true, 'item', NULL),
('76', 'COUABID', 'Courrier Arrivée BID', NULL, NULL, 'originatingDate', NULL, NULL, NULL, true, true, 'item', NULL),
('77', 'SMIROP', 'Fiche de visite SMIROP', NULL, NULL, 'originatingDate', NULL, NULL, NULL, true, true, 'item', NULL),
('78', 'VISA', 'Visas obtenus', NULL, NULL, 'originatingDate', NULL, NULL, NULL, true, true, 'item', NULL),
('79', 'FACVEN', 'Facture de vente', NULL, NULL, 'originatingDate', 'COM', NULL, NULL, true, true, 'item', NULL),
('workflow_pod6si-219d-hiploo', 'BULPAI', 'Bulletins de paie', NULL, '', NULL, 'BULPAI', '', NULL, false, false, 'item', '{}'),
('80', 'FACACH', 'Facture d''achat', NULL, '', 'originatingDate', 'COM', '', NULL, true, false, 'item', '{"NEW": {"type": "initial", "label": "Nouvelle(s) facture(s)", "actions": {"qualify": {}, "cancelQualify": {}}, "default": true, "position": 0, "filterUserAccess": false}, "PAYED": {"type": "final", "label": "Payée", "actions": {}, "default": false, "position": 6, "filterUserAccess": false}, "APPROVED": {"type": "intermediate", "label": "À payer", "actions": {"pay": {}, "updateMetadata": {}}, "default": false, "position": 5, "filterUserAccess": true}, "REJECTED": {"type": "intermediate", "label": "Rejetée(s)", "actions": {"sendValidation": {}, "updateMetadata": {}, "sendToApprobation": {}}, "default": false, "position": 3, "filterUserAccess": true}, "CANCELLED": {"type": "final", "label": "Annulée", "actions": {}, "default": false, "position": 7, "filterUserAccess": false}, "QUALIFIED": {"type": "intermediate", "label": "À valider", "actions": {"reject": {}, "redirect": {}, "validate": {}}, "default": false, "position": 1, "filterUserAccess": true}, "VALIDATED": {"type": "intermediate", "label": "À approuver", "actions": {"reject": {}, "approve": {}}, "default": false, "position": 4, "filterUserAccess": true}, "MISQUALIFIED": {"type": "intermediate", "label": "À requalifier", "actions": {"qualify": {}}, "default": false, "position": 2, "filterUserAccess": true}}')
;

INSERT INTO "recordsManagement"."archivalProfileContents" ("parentProfileId", "containedProfileId") VALUES 
('7', '8'),
('7', '9'),
('7', '10'),
('7', '11'),
('12', '9'),
('12', '13'),
('12', '14'),
('15', '9'),
('15', '14'),
('15', '16'),
('19', '2'),
('19', '18'),
('19', '20'),
('19', '21'),
('19', '22'),
('19', '23'),
('19', '24'),
('19', '26'),
('28', '1'),
('28', '29'),
('28', '30'),
('28', '31'),
('28', '33'),
('28', '34'),
('28', '35'),
('28', '37'),
('28', '39'),
('28', '41'),
('28', '42'),
('28', '43'),
('28', '47'),
('28', '53'),
('28', '54'),
('28', '55'),
('28', '56'),
('28', '57'),
('28', '58'),
('28', '59'),
('28', '60'),
('28', '77'),
('28', '78'),
('61', '1'),
('61', '17'),
('61', '63'),
('61', '64'),
('61', '65'),
('61', '66'),
('61', '67'),
('61', '68'),
('61', '69')
;

INSERT INTO "recordsManagement"."archiveDescription" ("archivalProfileId", "fieldName", required, "position", "isImmutable", "isRetained", "isInList") VALUES 
('1', 'org', false, 0, false, false, false),
('2', 'org', false, 0, false, false, false),
('3', 'org', false, 0, false, false, false),
('4', 'org', false, 0, false, false, false),
('5', 'org', false, 0, false, false, false),
('6', 'org', false, 0, false, false, false),
('28', 'fullname', false, 1, false, false, false),
('28', 'empid', true, 2, false, false, false),
('61', 'service', false, 0, false, false, false),
('69', 'service', false, 0, false, false, false),
('70', 'service', false, 0, false, false, false),
('71', 'service', false, 0, false, false, false),
('72', 'service', false, 0, false, false, false),
('73', 'service', false, 0, false, false, false),
('74', 'service', false, 0, false, false, false),
('75', 'service', false, 0, false, false, false),
('76', 'service', false, 0, false, false, false),
('79', 'customer', false, 0, false, false, false),
('79', 'salesPerson', false, 0, false, false, false),
('workflow_pod6si-219d-hiploo', 'empid', true, 0, false, NULL, false),
('workflow_pod6si-219d-hiploo', 'fullname', true, 1, false, NULL, false),
('workflow_pod6si-219d-hiploo', 'service', false, 2, false, NULL, false),
('workflow_pod6si-219d-hiploo', 'org', true, 3, false, NULL, false),
('80', 'service', false, 0, false, NULL, true),
('80', 'taxIdentifier', true, 1, false, NULL, false),
('80', 'supplier', false, 2, false, NULL, true),
('80', 'netPayable', false, 3, false, NULL, true),
('80', 'dueDate', false, 4, false, NULL, false),
('80', 'orderNumber', false, 5, false, NULL, false)
;

INSERT INTO "recordsManagement"."descriptionField" (name, label, type, "default", "minLength", "maxLength", "minValue", "maxValue", enumeration, pattern, "isArray") VALUES 
('org', 'Organisation', 'name', '', NULL, NULL, NULL, NULL, '["ACME Paris","ACME Dakar","ACME Cotonou"]', NULL, false),
('fullname', 'Nom complet', 'name', NULL, NULL, NULL, NULL, NULL, NULL, NULL, false),
('empid', 'Matricule', 'name', NULL, NULL, NULL, NULL, NULL, NULL, NULL, false),
('customer', 'Client', 'text', NULL, NULL, NULL, NULL, NULL, NULL, NULL, false),
('salesPerson', 'Vendeur', 'text', NULL, NULL, NULL, NULL, NULL, NULL, NULL, false),
('documentId', 'Identifiant de document', 'name', NULL, NULL, NULL, NULL, NULL, NULL, NULL, false),
('taxIdentifier', 'N° TVA Intraco.', 'name', NULL, NULL, NULL, NULL, NULL, NULL, NULL, false),
('supplier', 'Fournisseur', 'text', NULL, NULL, NULL, NULL, NULL, NULL, NULL, false),
('netPayable', 'Net à payer', 'number', NULL, NULL, NULL, NULL, NULL, NULL, NULL, false),
('dueDate', 'Date d''échéance', 'date', NULL, NULL, NULL, NULL, NULL, NULL, NULL, false),
('orderNumber', 'Numéro de commande', 'name', NULL, NULL, NULL, NULL, NULL, NULL, NULL, false),
('service', 'Service Concerné', 'name', '', NULL, NULL, NULL, NULL, '["MARK","DSG","DSI","DAF"]', NULL, false)
;
