INSERT INTO auth.account ("accountId", "accountName", "displayName", "accountType", "emailAddress", enabled, password, "passwordChangeRequired", "passwordLastChange", locked, "lockDate", "badPasswordCount", "lastLogin", "lastIp", "replacingUserAccountId", "firstName", "lastName", title, salt, "tokenDate", authentication, preferences) VALUES ('ccordy', 'ccordy', 'Chloé CORDY', 'user', 'info@maarch.org', true, 'fffd2272074225feae229658e248b81529639e6199051abdeb49b6ed60adf13d', false, NULL, false, NULL, 0, NULL, NULL, NULL, 'Chloé', 'CORDY', 'Mme.', NULL, NULL, NULL, NULL);
INSERT INTO auth.account ("accountId", "accountName", "displayName", "accountType", "emailAddress", enabled, password, "passwordChangeRequired", "passwordLastChange", locked, "lockDate", "badPasswordCount", "lastLogin", "lastIp", "replacingUserAccountId", "firstName", "lastName", title, salt, "tokenDate", authentication, preferences) VALUES ('ccox', 'ccox', 'Courtney COX', 'user', 'info@maarch.org', true, 'fffd2272074225feae229658e248b81529639e6199051abdeb49b6ed60adf13d', false, NULL, false, NULL, 0, NULL, NULL, NULL, 'Courtney', 'COX', 'Mme.', NULL, NULL, NULL, NULL);
INSERT INTO auth.account ("accountId", "accountName", "displayName", "accountType", "emailAddress", enabled, password, "passwordChangeRequired", "passwordLastChange", locked, "lockDate", "badPasswordCount", "lastLogin", "lastIp", "replacingUserAccountId", "firstName", "lastName", title, salt, "tokenDate", authentication, preferences) VALUES ('ddur', 'ddur', 'Dominique DUR', 'user', 'info@maarch.org', true, 'fffd2272074225feae229658e248b81529639e6199051abdeb49b6ed60adf13d', false, NULL, false, NULL, 0, NULL, NULL, NULL, 'Dominique', 'DUR', 'M.', NULL, NULL, NULL, NULL);
INSERT INTO auth.account ("accountId", "accountName", "displayName", "accountType", "emailAddress", enabled, password, "passwordChangeRequired", "passwordLastChange", locked, "lockDate", "badPasswordCount", "lastLogin", "lastIp", "replacingUserAccountId", "firstName", "lastName", title, salt, "tokenDate", authentication, preferences) VALUES ('eerina', 'eerina', 'Edith ERINA', 'user', 'info@maarch.org', true, 'fffd2272074225feae229658e248b81529639e6199051abdeb49b6ed60adf13d', false, NULL, false, NULL, 0, NULL, NULL, NULL, 'Edith', 'ERINA', 'Mme.', NULL, NULL, NULL, NULL);
INSERT INTO auth.account ("accountId", "accountName", "displayName", "accountType", "emailAddress", enabled, password, "passwordChangeRequired", "passwordLastChange", locked, "lockDate", "badPasswordCount", "lastLogin", "lastIp", "replacingUserAccountId", "firstName", "lastName", title, salt, "tokenDate", authentication, preferences) VALUES ('jjane', 'jjane', 'Jenny JANE', 'user', 'info@maarch.org', true, 'fffd2272074225feae229658e248b81529639e6199051abdeb49b6ed60adf13d', false, NULL, false, NULL, 0, NULL, NULL, NULL, 'Jenny', 'JANE', 'Mme.', NULL, NULL, NULL, NULL);
INSERT INTO auth.account ("accountId", "accountName", "displayName", "accountType", "emailAddress", enabled, password, "passwordChangeRequired", "passwordLastChange", locked, "lockDate", "badPasswordCount", "lastLogin", "lastIp", "replacingUserAccountId", "firstName", "lastName", title, salt, "tokenDate", authentication, preferences) VALUES ('kkaar', 'kkaar', 'Katy KAAR', 'user', 'info@maarch.org', true, 'fffd2272074225feae229658e248b81529639e6199051abdeb49b6ed60adf13d', false, NULL, false, NULL, 0, NULL, NULL, NULL, 'Katy', 'KAAR', 'Mme.', NULL, NULL, NULL, NULL);
INSERT INTO auth.account ("accountId", "accountName", "displayName", "accountType", "emailAddress", enabled, password, "passwordChangeRequired", "passwordLastChange", locked, "lockDate", "badPasswordCount", "lastLogin", "lastIp", "replacingUserAccountId", "firstName", "lastName", title, salt, "tokenDate", authentication, preferences) VALUES ('aastier', 'aastier', 'Alexandre ASTIER', 'user', 'info@maarch.org', true, 'fffd2272074225feae229658e248b81529639e6199051abdeb49b6ed60adf13d', false, NULL, false, NULL, 0, '2019-03-15 10:19:10.46925', '127.0.0.1', NULL, 'Alexandre', 'ASTIER', 'M.', NULL, NULL, NULL, NULL);
INSERT INTO auth.account ("accountId", "accountName", "displayName", "accountType", "emailAddress", enabled, password, "passwordChangeRequired", "passwordLastChange", locked, "lockDate", "badPasswordCount", "lastLogin", "lastIp", "replacingUserAccountId", "firstName", "lastName", title, salt, "tokenDate", authentication, preferences) VALUES ('aackermann', 'aackermann', 'Amanda ACKERMANN', 'user', 'info@maarch.org', true, 'fffd2272074225feae229658e248b81529639e6199051abdeb49b6ed60adf13d', false, NULL, false, NULL, 0, NULL, NULL, NULL, 'Amanda', 'ACKERMANN', 'Mme.', NULL, NULL, NULL, NULL);
INSERT INTO auth.account ("accountId", "accountName", "displayName", "accountType", "emailAddress", enabled, password, "passwordChangeRequired", "passwordLastChange", locked, "lockDate", "badPasswordCount", "lastLogin", "lastIp", "replacingUserAccountId", "firstName", "lastName", title, salt, "tokenDate", authentication, preferences) VALUES ('aadams', 'aadams', 'Amy ADAMS', 'user', 'info@maarch.org', true, 'fffd2272074225feae229658e248b81529639e6199051abdeb49b6ed60adf13d', false, NULL, false, NULL, 0, '2019-03-15 10:20:33.964708', '127.0.0.1', NULL, 'Amy', 'ADAMS', 'Mme.', NULL, NULL, NULL, NULL);
INSERT INTO auth.account ("accountId", "accountName", "displayName", "accountType", "emailAddress", enabled, password, "passwordChangeRequired", "passwordLastChange", locked, "lockDate", "badPasswordCount", "lastLogin", "lastIp", "replacingUserAccountId", "firstName", "lastName", title, salt, "tokenDate", authentication, preferences) VALUES ('cchaplin', 'cchaplin', 'Charlie CHAPLIN', 'user', 'info@maarch.org', true, 'fffd2272074225feae229658e248b81529639e6199051abdeb49b6ed60adf13d', false, NULL, false, NULL, 0, NULL, NULL, NULL, 'Charlie', 'CHAPLIN', 'M.', NULL, NULL, NULL, NULL);
INSERT INTO auth.account ("accountId", "accountName", "displayName", "accountType", "emailAddress", enabled, password, "passwordChangeRequired", "passwordLastChange", locked, "lockDate", "badPasswordCount", "lastLogin", "lastIp", "replacingUserAccountId", "firstName", "lastName", title, salt, "tokenDate", authentication, preferences) VALUES ('ppetit', 'ppetit', 'Patricia PETIT', 'user', 'info@maarch.org', true, 'fffd2272074225feae229658e248b81529639e6199051abdeb49b6ed60adf13d', false, NULL, false, NULL, 0, NULL, NULL, NULL, 'Patricia', 'PETIT', 'Mme.', NULL, NULL, NULL, NULL);
INSERT INTO auth.account ("accountId", "accountName", "displayName", "accountType", "emailAddress", enabled, password, "passwordChangeRequired", "passwordLastChange", locked, "lockDate", "badPasswordCount", "lastLogin", "lastIp", "replacingUserAccountId", "firstName", "lastName", title, salt, "tokenDate", authentication, preferences) VALUES ('ppreboist', 'ppreboist', 'Paul PREBOIST', 'user', 'info@maarch.org', true, 'fffd2272074225feae229658e248b81529639e6199051abdeb49b6ed60adf13d', false, NULL, false, NULL, 0, NULL, NULL, NULL, 'Paul', 'PREBOIST', 'M.', NULL, NULL, NULL, NULL);
INSERT INTO auth.account ("accountId", "accountName", "displayName", "accountType", "emailAddress", enabled, password, "passwordChangeRequired", "passwordLastChange", locked, "lockDate", "badPasswordCount", "lastLogin", "lastIp", "replacingUserAccountId", "firstName", "lastName", title, salt, "tokenDate", authentication, preferences) VALUES ('ppruvost', 'ppruvost', 'Pierre PRUVOST', 'user', 'info@maarch.org', true, 'fffd2272074225feae229658e248b81529639e6199051abdeb49b6ed60adf13d', false, NULL, false, NULL, 0, NULL, NULL, NULL, 'Pierre', 'PRUVOST', 'M.', NULL, NULL, NULL, NULL);
INSERT INTO auth.account ("accountId", "accountName", "displayName", "accountType", "emailAddress", enabled, password, "passwordChangeRequired", "passwordLastChange", locked, "lockDate", "badPasswordCount", "lastLogin", "lastIp", "replacingUserAccountId", "firstName", "lastName", title, salt, "tokenDate", authentication, preferences) VALUES ('rrenaud', 'rrenaud', 'Robert RENAUD', 'user', 'info@maarch.org', true, 'fffd2272074225feae229658e248b81529639e6199051abdeb49b6ed60adf13d', false, NULL, false, NULL, 0, NULL, NULL, NULL, 'Robert', 'RENAUD', 'M.', NULL, NULL, NULL, NULL);
INSERT INTO auth.account ("accountId", "accountName", "displayName", "accountType", "emailAddress", enabled, password, "passwordChangeRequired", "passwordLastChange", locked, "lockDate", "badPasswordCount", "lastLogin", "lastIp", "replacingUserAccountId", "firstName", "lastName", title, salt, "tokenDate", authentication, preferences) VALUES ('rreynolds', 'rreynolds', 'Ryan REYNOLDS', 'user', 'info@maarch.org', true, 'fffd2272074225feae229658e248b81529639e6199051abdeb49b6ed60adf13d', false, NULL, false, NULL, 0, NULL, NULL, NULL, 'Ryan', 'REYNOLDS', 'M.', NULL, NULL, NULL, NULL);
INSERT INTO auth.account ("accountId", "accountName", "displayName", "accountType", "emailAddress", enabled, password, "passwordChangeRequired", "passwordLastChange", locked, "lockDate", "badPasswordCount", "lastLogin", "lastIp", "replacingUserAccountId", "firstName", "lastName", title, salt, "tokenDate", authentication, preferences) VALUES ('ssaporta', 'ssaporta', 'Sabrina SAPORTA', 'user', 'info@maarch.org', true, 'fffd2272074225feae229658e248b81529639e6199051abdeb49b6ed60adf13d', false, NULL, false, NULL, 0, NULL, NULL, NULL, 'Sabrina', 'SAPORTA', 'Mme.', NULL, NULL, NULL, NULL);
INSERT INTO auth.account ("accountId", "accountName", "displayName", "accountType", "emailAddress", enabled, password, "passwordChangeRequired", "passwordLastChange", locked, "lockDate", "badPasswordCount", "lastLogin", "lastIp", "replacingUserAccountId", "firstName", "lastName", title, salt, "tokenDate", authentication, preferences) VALUES ('ssissoko', 'ssissoko', 'Sylvain SISSOKO', 'user', 'info@maarch.org', true, 'fffd2272074225feae229658e248b81529639e6199051abdeb49b6ed60adf13d', false, NULL, false, NULL, 0, NULL, NULL, NULL, 'Sylvain', 'SISSOKO', 'M.', NULL, NULL, NULL, NULL);
INSERT INTO auth.account ("accountId", "accountName", "displayName", "accountType", "emailAddress", enabled, password, "passwordChangeRequired", "passwordLastChange", locked, "lockDate", "badPasswordCount", "lastLogin", "lastIp", "replacingUserAccountId", "firstName", "lastName", title, salt, "tokenDate", authentication, preferences) VALUES ('sstallone', 'sstallone', 'Sylvester STALLONE', 'user', 'info@maarch.org', true, 'fffd2272074225feae229658e248b81529639e6199051abdeb49b6ed60adf13d', false, NULL, false, NULL, 0, NULL, NULL, NULL, 'Sylvester', 'STALLONE', 'M.', NULL, NULL, NULL, NULL);
INSERT INTO auth.account ("accountId", "accountName", "displayName", "accountType", "emailAddress", enabled, password, "passwordChangeRequired", "passwordLastChange", locked, "lockDate", "badPasswordCount", "lastLogin", "lastIp", "replacingUserAccountId", "firstName", "lastName", title, salt, "tokenDate", authentication, preferences) VALUES ('sstar', 'sstar', 'Suzanne STAR', 'user', 'info@maarch.org', true, 'fffd2272074225feae229658e248b81529639e6199051abdeb49b6ed60adf13d', false, NULL, false, NULL, 0, NULL, NULL, NULL, 'Suzanne', 'STAR', 'Mme.', NULL, NULL, NULL, NULL);
INSERT INTO auth.account ("accountId", "accountName", "displayName", "accountType", "emailAddress", enabled, password, "passwordChangeRequired", "passwordLastChange", locked, "lockDate", "badPasswordCount", "lastLogin", "lastIp", "replacingUserAccountId", "firstName", "lastName", title, salt, "tokenDate", authentication, preferences) VALUES ('ttong', 'ttong', 'Tony TONG', 'user', 'info@maarch.org', true, 'fffd2272074225feae229658e248b81529639e6199051abdeb49b6ed60adf13d', false, NULL, false, NULL, 0, NULL, NULL, NULL, 'Tony', 'TONG', 'M.', NULL, NULL, NULL, NULL);
INSERT INTO auth.account ("accountId", "accountName", "displayName", "accountType", "emailAddress", enabled, password, "passwordChangeRequired", "passwordLastChange", locked, "lockDate", "badPasswordCount", "lastLogin", "lastIp", "replacingUserAccountId", "firstName", "lastName", title, salt, "tokenDate", authentication, preferences) VALUES ('ccharles', 'ccharles', 'Charlotte CHARLES', 'user', 'info@maarch.org', true, 'fffd2272074225feae229658e248b81529639e6199051abdeb49b6ed60adf13d', false, NULL, false, NULL, 0, NULL, NULL, NULL, 'Charlotte', 'CHARLES', 'Mme.', NULL, NULL, NULL, NULL);
INSERT INTO auth.account ("accountId", "accountName", "displayName", "accountType", "emailAddress", enabled, password, "passwordChangeRequired", "passwordLastChange", locked, "lockDate", "badPasswordCount", "lastLogin", "lastIp", "replacingUserAccountId", "firstName", "lastName", title, salt, "tokenDate", authentication, preferences) VALUES ('nnataly', 'nnataly', 'Nancy NATALY', 'user', 'info@maarch.org', true, 'fffd2272074225feae229658e248b81529639e6199051abdeb49b6ed60adf13d', false, NULL, false, NULL, 0, '2019-03-15 11:07:45.462923', '127.0.0.1', NULL, 'Nancy', 'NATALY', 'Mme.', NULL, NULL, NULL, NULL);
INSERT INTO auth.account ("accountId", "accountName", "displayName", "accountType", "emailAddress", enabled, password, "passwordChangeRequired", "passwordLastChange", locked, "lockDate", "badPasswordCount", "lastLogin", "lastIp", "replacingUserAccountId", "firstName", "lastName", title, salt, "tokenDate", authentication, preferences) VALUES ('sstone', 'sstone', 'Sharon STONE', 'user', 'info@maarch.org', true, 'fffd2272074225feae229658e248b81529639e6199051abdeb49b6ed60adf13d', false, NULL, false, NULL, 0, '2019-03-15 08:30:27.732025', '127.0.0.1', NULL, 'Sharon', 'STONE', 'Mme.', NULL, NULL, NULL, NULL);
INSERT INTO auth.account ("accountId", "accountName", "displayName", "accountType", "emailAddress", enabled, password, "passwordChangeRequired", "passwordLastChange", locked, "lockDate", "badPasswordCount", "lastLogin", "lastIp", "replacingUserAccountId", "firstName", "lastName", title, salt, "tokenDate", authentication, preferences) VALUES ('superadmin', 'superadmin', 'super admin', 'user', 'info@maarch.org', true, '186cf774c97b60a1c106ef718d10970a6a06e06bef89553d9ae65d938a886eae', false, NULL, false, NULL, 0, '2019-03-15 07:43:51.395555', '127.0.0.1', NULL, 'Admin', 'Super', 'M.', NULL, NULL, NULL, NULL);
INSERT INTO auth.account ("accountId", "accountName", "displayName", "accountType", "emailAddress", enabled, password, "passwordChangeRequired", "passwordLastChange", locked, "lockDate", "badPasswordCount", "lastLogin", "lastIp", "replacingUserAccountId", "firstName", "lastName", title, salt, "tokenDate", authentication, preferences) VALUES ('bblier', 'bblier', 'Bernard BLIER', 'user', 'info@maarch.org', true, 'fffd2272074225feae229658e248b81529639e6199051abdeb49b6ed60adf13d', false, NULL, false, NULL, 0, '2019-03-15 13:26:01.022593', '127.0.0.1', NULL, 'Bernard', 'BLIER', 'M.', NULL, NULL, NULL, NULL);
INSERT INTO auth.account ("accountId", "accountName", "displayName", "accountType", "emailAddress", enabled, password, "passwordChangeRequired", "passwordLastChange", locked, "lockDate", "badPasswordCount", "lastLogin", "lastIp", "replacingUserAccountId", "firstName", "lastName", title, salt, "tokenDate", authentication, preferences) VALUES ('ttule', 'ttule', 'Thierry TULE', 'user', 'info@maarch.org', true, 'fffd2272074225feae229658e248b81529639e6199051abdeb49b6ed60adf13d', false, NULL, false, NULL, 0, NULL, NULL, NULL, 'Thierry', 'TULE', 'M.', NULL, NULL, NULL, NULL);
INSERT INTO auth.account ("accountId", "accountName", "displayName", "accountType", "emailAddress", enabled, password, "passwordChangeRequired", "passwordLastChange", locked, "lockDate", "badPasswordCount", "lastLogin", "lastIp", "replacingUserAccountId", "firstName", "lastName", title, salt, "tokenDate", authentication, preferences) VALUES ('vvictoire', 'vvictoire', 'Victor VICTOIRE', 'user', 'info@maarch.org', true, 'fffd2272074225feae229658e248b81529639e6199051abdeb49b6ed60adf13d', false, NULL, false, NULL, 0, NULL, NULL, NULL, 'Victor', 'VICTOIRE', 'M.', NULL, NULL, NULL, NULL);
INSERT INTO auth.account ("accountId", "accountName", "displayName", "accountType", "emailAddress", enabled, password, "passwordChangeRequired", "passwordLastChange", locked, "lockDate", "badPasswordCount", "lastLogin", "lastIp", "replacingUserAccountId", "firstName", "lastName", title, salt, "tokenDate", authentication, preferences) VALUES ('SystemDepositor', 'Systeme versant', 'Systeme versant', 'service', '', true, 'RJpzB36bmR+iuz/aHN9Zl9PDn8tZEs4mzsz9ORUXZpbMim/ilUMpE9FzYG3TW0Eii0Oy1PaFyJ35aBqcMU3gvAq4v0ZY0Z/r0cPVzbAaymd1UEnsAe3MjqGLt7BxvxiHJQ==', true, NULL, false, NULL, 0, NULL, NULL, NULL, NULL, NULL, NULL, '87eda47a7218326af0e3f4eaad7c2c22', '2019-03-19 07:56:55.287696', NULL, NULL);
INSERT INTO auth.account ("accountId", "accountName", "displayName", "accountType", "emailAddress", enabled, password, "passwordChangeRequired", "passwordLastChange", locked, "lockDate", "badPasswordCount", "lastLogin", "lastIp", "replacingUserAccountId", "firstName", "lastName", title, salt, "tokenDate", authentication, preferences) VALUES ('System', 'Systeme', 'Systeme', 'service', '', true, 'RJpzB36bmR+iuz/aHN9Zl9PDn8tZEs4mzsz9OXNeNIrej2+v3UMzAsF3PSzDUlZ73kPvgqbQmZvza0eZO062uQu57Rdah9z3mdbTh6NBiiR8FQTnW6eVgQ==', true, NULL, false, NULL, 0, NULL, NULL, NULL, NULL, NULL, NULL, '63ce15235abe97db0182e6857c1da763', '2019-03-19 07:54:33.464846', NULL, NULL);
INSERT INTO auth.account ("accountId", "accountName", "displayName", "accountType", "emailAddress", enabled, password, "passwordChangeRequired", "passwordLastChange", locked, "lockDate", "badPasswordCount", "lastLogin", "lastIp", "replacingUserAccountId", "firstName", "lastName", title, salt, "tokenDate", authentication, preferences) VALUES ('ggrand', 'ggrand', 'George GRAND', 'user', 'info@maarch.org', true, 'fffd2272074225feae229658e248b81529639e6199051abdeb49b6ed60adf13d', false, NULL, false, NULL, 0, '2019-03-15 07:57:01.613677', '127.0.0.1', NULL, 'George', 'GRAND', 'M.', NULL, NULL, NULL, NULL);
INSERT INTO auth.account ("accountId", "accountName", "displayName", "accountType", "emailAddress", enabled, password, "passwordChangeRequired", "passwordLastChange", locked, "lockDate", "badPasswordCount", "lastLogin", "lastIp", "replacingUserAccountId", "firstName", "lastName", title, salt, "tokenDate", authentication, preferences) VALUES ('bbain', 'bbain', 'Barbara BAIN', 'user', 'info@maarch.org', true, 'fffd2272074225feae229658e248b81529639e6199051abdeb49b6ed60adf13d', false, NULL, false, NULL, 0, NULL, NULL, NULL, 'Barbara', 'BAIN', 'Mme.', NULL, NULL, NULL, NULL);
INSERT INTO auth.account ("accountId", "accountName", "displayName", "accountType", "emailAddress", enabled, password, "passwordChangeRequired", "passwordLastChange", locked, "lockDate", "badPasswordCount", "lastLogin", "lastIp", "replacingUserAccountId", "firstName", "lastName", title, salt, "tokenDate", authentication, preferences) VALUES ('workflow_pod5l0-232e-0aggqt', 'bbardot', 'Brigitte BARDOT', 'user', 'info@maarch.org', true, 'fffd2272074225feae229658e248b81529639e6199051abdeb49b6ed60adf13d', true, '2019-03-14 15:55:48.901327', false, NULL, 0, NULL, NULL, NULL, 'Brigitte', 'BARDOT', 'Mme', NULL, NULL, NULL, NULL);
INSERT INTO auth.account ("accountId", "accountName", "displayName", "accountType", "emailAddress", enabled, password, "passwordChangeRequired", "passwordLastChange", locked, "lockDate", "badPasswordCount", "lastLogin", "lastIp", "replacingUserAccountId", "firstName", "lastName", title, salt, "tokenDate", authentication, preferences) VALUES ('bboule', 'bboule', 'Bruno BOULE', 'user', 'info@maarch.org', true, 'fffd2272074225feae229658e248b81529639e6199051abdeb49b6ed60adf13d', false, NULL, false, NULL, 0, NULL, NULL, NULL, 'Bruno', 'BOULE', 'M.', NULL, NULL, NULL, NULL);
INSERT INTO auth.account ("accountId", "accountName", "displayName", "accountType", "emailAddress", enabled, password, "passwordChangeRequired", "passwordLastChange", locked, "lockDate", "badPasswordCount", "lastLogin", "lastIp", "replacingUserAccountId", "firstName", "lastName", title, salt, "tokenDate", authentication, preferences) VALUES ('ccamus', 'ccamus', 'Cyril CAMUS', 'user', 'info@maarch.org', true, 'fffd2272074225feae229658e248b81529639e6199051abdeb49b6ed60adf13d', false, NULL, false, NULL, 0, NULL, NULL, NULL, 'Cyril', 'CAMUS', 'M.', NULL, NULL, NULL, NULL);
INSERT INTO auth.account ("accountId", "accountName", "displayName", "accountType", "emailAddress", enabled, password, "passwordChangeRequired", "passwordLastChange", locked, "lockDate", "badPasswordCount", "lastLogin", "lastIp", "replacingUserAccountId", "firstName", "lastName", title, salt, "tokenDate", authentication, preferences) VALUES ('ddaull', 'ddaull', 'Denis DAULL', 'user', 'info@maarch.org', true, 'fffd2272074225feae229658e248b81529639e6199051abdeb49b6ed60adf13d', false, NULL, false, NULL, 0, NULL, NULL, NULL, 'Denis', 'DAULL', 'M.', NULL, NULL, NULL, NULL);
INSERT INTO auth.account ("accountId", "accountName", "displayName", "accountType", "emailAddress", enabled, password, "passwordChangeRequired", "passwordLastChange", locked, "lockDate", "badPasswordCount", "lastLogin", "lastIp", "replacingUserAccountId", "firstName", "lastName", title, salt, "tokenDate", authentication, preferences) VALUES ('ddenis', 'ddenis', 'Didier DENIS', 'user', 'info@maarch.org', true, 'fffd2272074225feae229658e248b81529639e6199051abdeb49b6ed60adf13d', false, NULL, false, NULL, 0, NULL, NULL, NULL, 'Didier', 'DENIS', 'M.', NULL, NULL, NULL, NULL);
INSERT INTO auth.account ("accountId", "accountName", "displayName", "accountType", "emailAddress", enabled, password, "passwordChangeRequired", "passwordLastChange", locked, "lockDate", "badPasswordCount", "lastLogin", "lastIp", "replacingUserAccountId", "firstName", "lastName", title, salt, "tokenDate", authentication, preferences) VALUES ('aalambic', 'aalambic', 'Alain ALAMBIC', 'user', 'info@maarch.org', true, 'fffd2272074225feae229658e248b81529639e6199051abdeb49b6ed60adf13d', false, NULL, false, NULL, 0, '2019-03-15 13:32:20.964652', '127.0.0.1', NULL, 'Alain', 'ALAMBIC', 'M.', NULL, NULL, NULL, NULL);
INSERT INTO auth.account ("accountId", "accountName", "displayName", "accountType", "emailAddress", enabled, password, "passwordChangeRequired", "passwordLastChange", locked, "lockDate", "badPasswordCount", "lastLogin", "lastIp", "replacingUserAccountId", "firstName", "lastName", title, salt, "tokenDate", authentication, preferences) VALUES ('hhier', 'hhier', 'Hubert HIER', 'user', 'info@maarch.org', true, 'fffd2272074225feae229658e248b81529639e6199051abdeb49b6ed60adf13d', false, NULL, false, NULL, 0, NULL, NULL, NULL, 'Hubert', 'HIER', 'M.', NULL, NULL, NULL, NULL);
INSERT INTO auth.account ("accountId", "accountName", "displayName", "accountType", "emailAddress", enabled, password, "passwordChangeRequired", "passwordLastChange", locked, "lockDate", "badPasswordCount", "lastLogin", "lastIp", "replacingUserAccountId", "firstName", "lastName", title, salt, "tokenDate", authentication, preferences) VALUES ('jjonasz', 'jjonasz', 'Jean JONASZ', 'user', 'info@maarch.org', true, 'fffd2272074225feae229658e248b81529639e6199051abdeb49b6ed60adf13d', false, NULL, false, NULL, 0, NULL, NULL, NULL, 'Jean', 'JONASZ', 'M.', NULL, NULL, NULL, NULL);
INSERT INTO auth.account ("accountId", "accountName", "displayName", "accountType", "emailAddress", enabled, password, "passwordChangeRequired", "passwordLastChange", locked, "lockDate", "badPasswordCount", "lastLogin", "lastIp", "replacingUserAccountId", "firstName", "lastName", title, salt, "tokenDate", authentication, preferences) VALUES ('mmanfred', 'mmanfred', 'Martin MANFRED', 'user', 'info@maarch.org', true, 'fffd2272074225feae229658e248b81529639e6199051abdeb49b6ed60adf13d', false, NULL, false, NULL, 0, NULL, NULL, NULL, 'Martin', 'MANFRED', 'M.', NULL, NULL, NULL, NULL);
INSERT INTO auth.account ("accountId", "accountName", "displayName", "accountType", "emailAddress", enabled, password, "passwordChangeRequired", "passwordLastChange", locked, "lockDate", "badPasswordCount", "lastLogin", "lastIp", "replacingUserAccountId", "firstName", "lastName", title, salt, "tokenDate", authentication, preferences) VALUES ('ppacioli', 'ppacioli', 'Paolo PACIOLI', 'user', 'info@maarch.org', true, 'fffd2272074225feae229658e248b81529639e6199051abdeb49b6ed60adf13d', false, NULL, false, NULL, 0, NULL, NULL, NULL, 'Paolo', 'PACIOLI', 'M.', NULL, NULL, NULL, NULL);
INSERT INTO auth.account ("accountId", "accountName", "displayName", "accountType", "emailAddress", enabled, password, "passwordChangeRequired", "passwordLastChange", locked, "lockDate", "badPasswordCount", "lastLogin", "lastIp", "replacingUserAccountId", "firstName", "lastName", title, salt, "tokenDate", authentication, preferences) VALUES ('kkrach', 'kkrach', 'Kevin KRACH', 'user', 'info@maarch.org', true, 'fffd2272074225feae229658e248b81529639e6199051abdeb49b6ed60adf13d', false, NULL, false, NULL, 0, '2019-03-15 08:30:03.559857', '127.0.0.1', NULL, 'Kevin', 'KRACH', 'M.', NULL, NULL, NULL, NULL);

INSERT INTO auth.role ("roleId", "roleName", description, enabled) VALUES ('ADMIN', 'Administrateur technique', 'Groupe des administrateurs techniques du système', true);
INSERT INTO auth.role ("roleId", "roleName", description, enabled) VALUES ('CORRESPONDANT_ARCHIVES', 'Correspondant d''archives', 'Groupe des archivistes / records managers / référents d''archives / administrateur fonctionnels', true);
INSERT INTO auth.role ("roleId", "roleName", description, enabled) VALUES ('UTILISATEUR', 'Utilisateur', 'Groupe des utilisateurs, consultation et navigation', true);
INSERT INTO auth.role ("roleId", "roleName", description, enabled) VALUES ('workflow_pod3au-0037-nz1f8t', 'Responsable d''activité', 'Groupe des responsables de service et des activités', true);
INSERT INTO auth.role ("roleId", "roleName", description, enabled) VALUES ('workflow_pod3c1-1bc0-zh5adq', 'Producteur', 'Groupe des producteurs, versants', true);

INSERT INTO auth.privilege ("roleId", "userStory") VALUES ('workflow_pod3au-0037-nz1f8t', 'workflow/*');
INSERT INTO auth.privilege ("roleId", "userStory") VALUES ('workflow_pod3au-0037-nz1f8t', 'archiveDeposit/*');
INSERT INTO auth.privilege ("roleId", "userStory") VALUES ('workflow_pod3au-0037-nz1f8t', 'archiveManagement/checkIntegrity');
INSERT INTO auth.privilege ("roleId", "userStory") VALUES ('workflow_pod3au-0037-nz1f8t', 'archiveManagement/filePlan');
INSERT INTO auth.privilege ("roleId", "userStory") VALUES ('workflow_pod3au-0037-nz1f8t', 'archiveManagement/modifyDescription');
INSERT INTO auth.privilege ("roleId", "userStory") VALUES ('workflow_pod3au-0037-nz1f8t', 'archiveManagement/modify');
INSERT INTO auth.privilege ("roleId", "userStory") VALUES ('workflow_pod3au-0037-nz1f8t', 'archiveManagement/retrieve');
INSERT INTO auth.privilege ("roleId", "userStory") VALUES ('workflow_pod3au-0037-nz1f8t', 'destruction/*');
INSERT INTO auth.privilege ("roleId", "userStory") VALUES ('workflow_pod3c1-1bc0-zh5adq', 'workflow/*');
INSERT INTO auth.privilege ("roleId", "userStory") VALUES ('workflow_pod3c1-1bc0-zh5adq', 'archiveDeposit/*');
INSERT INTO auth.privilege ("roleId", "userStory") VALUES ('workflow_pod3c1-1bc0-zh5adq', 'archiveManagement/filePlan');
INSERT INTO auth.privilege ("roleId", "userStory") VALUES ('workflow_pod3c1-1bc0-zh5adq', 'archiveManagement/modify');
INSERT INTO auth.privilege ("roleId", "userStory") VALUES ('ADMIN', 'adminFunc/adminAuthorization');
INSERT INTO auth.privilege ("roleId", "userStory") VALUES ('ADMIN', 'adminFunc/adminOrgUser');
INSERT INTO auth.privilege ("roleId", "userStory") VALUES ('ADMIN', 'adminFunc/adminOrganization');
INSERT INTO auth.privilege ("roleId", "userStory") VALUES ('ADMIN', 'adminFunc/adminServiceaccount');
INSERT INTO auth.privilege ("roleId", "userStory") VALUES ('ADMIN', 'adminFunc/adminUseraccount');
INSERT INTO auth.privilege ("roleId", "userStory") VALUES ('ADMIN', 'adminFunc/batchScheduling');
INSERT INTO auth.privilege ("roleId", "userStory") VALUES ('ADMIN', 'adminTech/*');
INSERT INTO auth.privilege ("roleId", "userStory") VALUES ('ADMIN', 'journal/audit');
INSERT INTO auth.privilege ("roleId", "userStory") VALUES ('CORRESPONDANT_ARCHIVES', 'adminArchive/*');
INSERT INTO auth.privilege ("roleId", "userStory") VALUES ('CORRESPONDANT_ARCHIVES', 'adminFunc/AdminArchivalProfileAccess');
INSERT INTO auth.privilege ("roleId", "userStory") VALUES ('CORRESPONDANT_ARCHIVES', 'adminFunc/adminAuthorization');
INSERT INTO auth.privilege ("roleId", "userStory") VALUES ('CORRESPONDANT_ARCHIVES', 'adminFunc/adminOrgContact');
INSERT INTO auth.privilege ("roleId", "userStory") VALUES ('CORRESPONDANT_ARCHIVES', 'adminFunc/adminOrgUser');
INSERT INTO auth.privilege ("roleId", "userStory") VALUES ('CORRESPONDANT_ARCHIVES', 'adminFunc/adminOrganization');
INSERT INTO auth.privilege ("roleId", "userStory") VALUES ('CORRESPONDANT_ARCHIVES', 'adminFunc/adminUseraccount');
INSERT INTO auth.privilege ("roleId", "userStory") VALUES ('CORRESPONDANT_ARCHIVES', 'archiveDeposit/*');
INSERT INTO auth.privilege ("roleId", "userStory") VALUES ('CORRESPONDANT_ARCHIVES', 'archiveManagement/*');
INSERT INTO auth.privilege ("roleId", "userStory") VALUES ('CORRESPONDANT_ARCHIVES', 'destruction/*');
INSERT INTO auth.privilege ("roleId", "userStory") VALUES ('CORRESPONDANT_ARCHIVES', 'journal/lifeCycleJournal');
INSERT INTO auth.privilege ("roleId", "userStory") VALUES ('CORRESPONDANT_ARCHIVES', 'journal/searchLogArchive');

INSERT INTO auth."roleMember" ("roleId", "userAccountId") VALUES ('workflow_pod3c1-1bc0-zh5adq', 'aalambic');
INSERT INTO auth."roleMember" ("roleId", "userAccountId") VALUES ('workflow_pod3c1-1bc0-zh5adq', 'bbain');
INSERT INTO auth."roleMember" ("roleId", "userAccountId") VALUES ('workflow_pod3c1-1bc0-zh5adq', 'ccamus');
INSERT INTO auth."roleMember" ("roleId", "userAccountId") VALUES ('workflow_pod3c1-1bc0-zh5adq', 'ddaull');
INSERT INTO auth."roleMember" ("roleId", "userAccountId") VALUES ('workflow_pod3c1-1bc0-zh5adq', 'ddur');
INSERT INTO auth."roleMember" ("roleId", "userAccountId") VALUES ('workflow_pod3c1-1bc0-zh5adq', 'ggrand');
INSERT INTO auth."roleMember" ("roleId", "userAccountId") VALUES ('workflow_pod3c1-1bc0-zh5adq', 'hhier');
INSERT INTO auth."roleMember" ("roleId", "userAccountId") VALUES ('workflow_pod3c1-1bc0-zh5adq', 'jjane');
INSERT INTO auth."roleMember" ("roleId", "userAccountId") VALUES ('workflow_pod3c1-1bc0-zh5adq', 'jjonasz');
INSERT INTO auth."roleMember" ("roleId", "userAccountId") VALUES ('workflow_pod3c1-1bc0-zh5adq', 'kkaar');
INSERT INTO auth."roleMember" ("roleId", "userAccountId") VALUES ('workflow_pod3c1-1bc0-zh5adq', 'kkrach');
INSERT INTO auth."roleMember" ("roleId", "userAccountId") VALUES ('workflow_pod3c1-1bc0-zh5adq', 'mmanfred');
INSERT INTO auth."roleMember" ("roleId", "userAccountId") VALUES ('workflow_pod3c1-1bc0-zh5adq', 'ppacioli');
INSERT INTO auth."roleMember" ("roleId", "userAccountId") VALUES ('workflow_pod3c1-1bc0-zh5adq', 'ppetit');
INSERT INTO auth."roleMember" ("roleId", "userAccountId") VALUES ('workflow_pod3c1-1bc0-zh5adq', 'ppreboist');
INSERT INTO auth."roleMember" ("roleId", "userAccountId") VALUES ('workflow_pod3c1-1bc0-zh5adq', 'rrenaud');
INSERT INTO auth."roleMember" ("roleId", "userAccountId") VALUES ('workflow_pod3c1-1bc0-zh5adq', 'rreynolds');
INSERT INTO auth."roleMember" ("roleId", "userAccountId") VALUES ('workflow_pod3c1-1bc0-zh5adq', 'ssaporta');
INSERT INTO auth."roleMember" ("roleId", "userAccountId") VALUES ('workflow_pod3c1-1bc0-zh5adq', 'ssissoko');
INSERT INTO auth."roleMember" ("roleId", "userAccountId") VALUES ('workflow_pod3c1-1bc0-zh5adq', 'sstar');
INSERT INTO auth."roleMember" ("roleId", "userAccountId") VALUES ('workflow_pod3c1-1bc0-zh5adq', 'ttong');
INSERT INTO auth."roleMember" ("roleId", "userAccountId") VALUES ('workflow_pod3c1-1bc0-zh5adq', 'ttule');
INSERT INTO auth."roleMember" ("roleId", "userAccountId") VALUES ('workflow_pod3c1-1bc0-zh5adq', 'vvictoire');
INSERT INTO auth."roleMember" ("roleId", "userAccountId") VALUES ('workflow_pod3c1-1bc0-zh5adq', 'workflow_pod5l0-232e-0aggqt');
INSERT INTO auth."roleMember" ("roleId", "userAccountId") VALUES ('ADMIN', 'superadmin');
INSERT INTO auth."roleMember" ("roleId", "userAccountId") VALUES ('workflow_pod3au-0037-nz1f8t', 'aackermann');
INSERT INTO auth."roleMember" ("roleId", "userAccountId") VALUES ('workflow_pod3au-0037-nz1f8t', 'aadams');
INSERT INTO auth."roleMember" ("roleId", "userAccountId") VALUES ('workflow_pod3au-0037-nz1f8t', 'aastier');
INSERT INTO auth."roleMember" ("roleId", "userAccountId") VALUES ('CORRESPONDANT_ARCHIVES', 'bblier');
INSERT INTO auth."roleMember" ("roleId", "userAccountId") VALUES ('UTILISATEUR', 'bboule');
INSERT INTO auth."roleMember" ("roleId", "userAccountId") VALUES ('UTILISATEUR', 'cchaplin');
INSERT INTO auth."roleMember" ("roleId", "userAccountId") VALUES ('UTILISATEUR', 'ccordy');
INSERT INTO auth."roleMember" ("roleId", "userAccountId") VALUES ('workflow_pod3au-0037-nz1f8t', 'ccox');
INSERT INTO auth."roleMember" ("roleId", "userAccountId") VALUES ('CORRESPONDANT_ARCHIVES', 'ddenis');
INSERT INTO auth."roleMember" ("roleId", "userAccountId") VALUES ('workflow_pod3au-0037-nz1f8t', 'eerina');
INSERT INTO auth."roleMember" ("roleId", "userAccountId") VALUES ('workflow_pod3au-0037-nz1f8t', 'nnataly');
INSERT INTO auth."roleMember" ("roleId", "userAccountId") VALUES ('UTILISATEUR', 'ppruvost');
INSERT INTO auth."roleMember" ("roleId", "userAccountId") VALUES ('UTILISATEUR', 'sstallone');
INSERT INTO auth."roleMember" ("roleId", "userAccountId") VALUES ('workflow_pod3au-0037-nz1f8t', 'sstone');
INSERT INTO auth."roleMember" ("roleId", "userAccountId") VALUES ('CORRESPONDANT_ARCHIVES', 'ccharles');

INSERT INTO auth."servicePrivilege" ("accountId", "serviceURI") VALUES ('SystemDepositor', 'recordsManagement/archive/createArchiveBatch');
INSERT INTO auth."servicePrivilege" ("accountId", "serviceURI") VALUES ('SystemDepositor', 'recordsManagement/archive/create');
INSERT INTO auth."servicePrivilege" ("accountId", "serviceURI") VALUES ('System', 'audit/event/createChainjournal');
INSERT INTO auth."servicePrivilege" ("accountId", "serviceURI") VALUES ('System', 'batchProcessing/scheduling/updateProcess');
INSERT INTO auth."servicePrivilege" ("accountId", "serviceURI") VALUES ('System', 'lifeCycle/journal/createChainjournal');
INSERT INTO auth."servicePrivilege" ("accountId", "serviceURI") VALUES ('System', 'recordsmanagement/archivecompliance/readperiodic');
INSERT INTO auth."servicePrivilege" ("accountId", "serviceURI") VALUES ('System', 'recordsManagement/archives/deleteDisposablearchives');
INSERT INTO auth."servicePrivilege" ("accountId", "serviceURI") VALUES ('System', 'recordsManagement/archives/updateArchivesretentionrule');
INSERT INTO auth."servicePrivilege" ("accountId", "serviceURI") VALUES ('System', 'recordsManagement/archives/updateIndexfulltext');

INSERT INTO "batchProcessing".scheduling ("schedulingId", name, "taskId", frequency, parameters, "executedBy", "lastExecution", "nextExecution", status) VALUES ('chainJournalAudit', 'Chaînage audit', '01', '00;20;;;;;;;', NULL, 'System', '2019-03-14 17:16:46.83441', '2019-03-15 19:00:00', 'scheduled');
INSERT INTO "batchProcessing".scheduling ("schedulingId", name, "taskId", frequency, parameters, "executedBy", "lastExecution", "nextExecution", status) VALUES ('chainJournalLifeCycle', 'Chaînage du journal du cycle de vie', '02', '00;20;;;;;;;', NULL, 'System', '2019-03-14 17:17:08.959422', '2019-03-15 19:00:00', 'scheduled');
INSERT INTO "batchProcessing".scheduling ("schedulingId", name, "taskId", frequency, parameters, "executedBy", "lastExecution", "nextExecution", status) VALUES ('deleteArchive', 'Destruction', '04', '00;19;;;;;;;', NULL, 'System', '2019-03-14 17:17:10.155329', '2019-03-15 18:00:00', 'scheduled');
INSERT INTO "batchProcessing".scheduling ("schedulingId", name, "taskId", frequency, parameters, "executedBy", "lastExecution", "nextExecution", status) VALUES ('integrity', 'Intégrité', '03', '00;01;;;;4;H;00;20', NULL, 'System', '2019-03-14 17:17:41.825506', '2019-03-14 21:17:41.825513', 'scheduled');
INSERT INTO "batchProcessing"."scheduling" 
("schedulingId", "name", "executedBy", "taskId", "frequency","parameters","lastExecution","nextExecution","status") VALUES
('processDelivery', 'Traiter les communications', 'System','04', '00;03;;;;;;;',null,null,null,'paused'),
('processdestruction', 'Traiter les destructions', 'System','05', '00;04;;;;;;;',null,null,null,'paused'),
('processRestitution', 'Traiter les restitutions', 'System','06', '00;05;;;;;;;',null,null,null,'paused'),
('processTransfer', 'Traiter les transferts', 'System','07', '00;06;;;;;;;',null,null,null,'paused'),
('validateTransfer', 'Valider les transfert', 'System','08', '00;07;;;;;;;',null,null,null,'paused'),
('purge', 'Purge', 'System', '09', '00;08;;;;;;;',null,null,null,'paused');

INSERT INTO contact."communicationMean" (code, name, enabled) VALUES ('TE', 'Téléphone', true);
INSERT INTO contact."communicationMean" (code, name, enabled) VALUES ('AL', 'Téléphone mobile', true);
INSERT INTO contact."communicationMean" (code, name, enabled) VALUES ('FX', 'Fax', true);
INSERT INTO contact."communicationMean" (code, name, enabled) VALUES ('AO', 'URL', true);
INSERT INTO contact."communicationMean" (code, name, enabled) VALUES ('AU', 'FTP', true);
INSERT INTO contact."communicationMean" (code, name, enabled) VALUES ('EM', 'E-mail', true);
INSERT INTO contact."communicationMean" (code, name, enabled) VALUES ('AH', 'World Wide Web', false);

INSERT INTO "digitalResource".cluster ("clusterId", "clusterName", "clusterDescription") VALUES ('archives', 'Digital_resource_cluster_for_archives', 'Digital resource cluster for archives');

INSERT INTO "digitalResource"."conversionRule" ("conversionRuleId", puid, "conversionService", "targetPuid") VALUES ('workflow_pod75x-151b-v9jsef', 'fmt/412', 'dependency/fileSystem/plugins/libreOffice', 'fmt/95');
INSERT INTO "digitalResource"."conversionRule" ("conversionRuleId", puid, "conversionService", "targetPuid") VALUES ('workflow_pod763-1691-dli2t0', 'fmt/291', 'dependency/fileSystem/plugins/libreOffice', 'fmt/18');

INSERT INTO "digitalResource".repository ("repositoryId", "repositoryName", "repositoryReference", "repositoryType", "repositoryUri", parameters, "maxSize", enabled) VALUES ('archives_1', 'Digital resource repository for archives', 'repository_1', 'fileSystem', '/var/www/laabs/data/maarchRM/repository/archives_1', NULL, NULL, true);
INSERT INTO "digitalResource".repository ("repositoryId", "repositoryName", "repositoryReference", "repositoryType", "repositoryUri", parameters, "maxSize", enabled) VALUES ('archives_2', 'Digital resource repository for archives 2', 'repository_2', 'fileSystem', '/var/www/laabs/data/maarchRM/repository/archives_2', NULL, NULL, true);

INSERT INTO "digitalResource"."clusterRepository" ("clusterId", "repositoryId", "writePriority", "readPriority", "deletePriority") VALUES ('archives', 'archives_1', 1, 1, 1);
INSERT INTO "digitalResource"."clusterRepository" ("clusterId", "repositoryId", "writePriority", "readPriority", "deletePriority") VALUES ('archives', 'archives_2', 1, 2, 2);

INSERT INTO "lifeCycle"."eventFormat" (type, format, message, notification) VALUES ('recordsManagement/accessRuleModification', 'resId hashAlgorithm hash address accessRuleStartDate accessRuleDuration previousAccessRuleStartDate previousAccessRuleDuration originatorOrgRegNumber archiverOrgRegNumber', 'Modification de la règle de communicabilité de l''archive %6$s', false);
INSERT INTO "lifeCycle"."eventFormat" (type, format, message, notification) VALUES ('recordsManagement/addRelationship', 'resId hashAlgorithm hash address originatorOrgRegNumber archiverOrgRegNumber relatedArchiveId', 'Relation ajoutée avec l''archive %6$s', false);
INSERT INTO "lifeCycle"."eventFormat" (type, format, message, notification) VALUES ('recordsManagement/archivalProfileModification', 'archivalProfileReference', 'Modification du profil %6$s.', false);
INSERT INTO "lifeCycle"."eventFormat" (type, format, message, notification) VALUES ('recordsManagement/consultation', 'resId hash hashAlgorith address size', 'Consultation de la ressource %9$s', false);
INSERT INTO "lifeCycle"."eventFormat" (type, format, message, notification) VALUES ('recordsManagement/conversion', 'resId hashAlgorithm hash address convertedResId convertedHashAlgorithm convertedHash convertedAddress software docId size', 'Conversion du document %18$s', false);
INSERT INTO "lifeCycle"."eventFormat" (type, format, message, notification) VALUES ('recordsManagement/deleteRelationship', 'resId hashAlgorithm hash address originatorOrgRegNumber archiverOrgRegNumber relatedArchiveId', 'Relation avec l''archive %6$s supprimée', false);
INSERT INTO "lifeCycle"."eventFormat" (type, format, message, notification) VALUES ('recordsManagement/delivery', 'resId hashAlgorithm hash address requesterOrgRegNumber archiverOrgRegNumber size', 'Communication de l''archive %6$s', false);
INSERT INTO "lifeCycle"."eventFormat" (type, format, message, notification) VALUES ('recordsManagement/deposit', 'resId hashAlgorithm hash address originatorOrgRegNumber depositorOrgRegNumber archiverOrgRegNumber format size', 'Dépôt de l''archive %6$s', false);
INSERT INTO "lifeCycle"."eventFormat" (type, format, message, notification) VALUES ('recordsManagement/descriptionModification', 'property', 'Modification des métadonnées de l''archive %6$s.', false);
INSERT INTO "lifeCycle"."eventFormat" (type, format, message, notification) VALUES ('recordsManagement/destructionRequest', 'resId hashAlgorithm hash address originatorOrgRegNumber archiverOrgRegNumber size', 'Demande de destruction de l''archive %6$s', false);
INSERT INTO "lifeCycle"."eventFormat" (type, format, message, notification) VALUES ('recordsManagement/destructionRequestCanceling', 'resId hashAlgorithm hash address originatorOrgRegNumber archiverOrgRegNumber size', 'Annulation de la demande de destruction de l''archive %6$s', false);
INSERT INTO "lifeCycle"."eventFormat" (type, format, message, notification) VALUES ('recordsManagement/destruction', 'resId hashAlgorithm hash address originatorOrgRegNumber archiverOrgRegNumber size', 'Destruction de l''archive %6$s', false);
INSERT INTO "lifeCycle"."eventFormat" (type, format, message, notification) VALUES ('recordsManagement/freeze', 'resId hashAlgorithm hash address originatorOrgRegNumber archiverOrgRegNumber', 'Gel de l''archive %6$s', false);
INSERT INTO "lifeCycle"."eventFormat" (type, format, message, notification) VALUES ('recordsManagement/integrityCheck', 'resId hash hashAlgorithm address requesterOrgRegNumber info', 'Validation d''intégrité', false);
INSERT INTO "lifeCycle"."eventFormat" (type, format, message, notification) VALUES ('recordsManagement/metadataModification', 'resId hashAlgorithm hash address originatorOrgRegNumber archiverOrgRegNumber', 'Modification des métadonnées de l''archive %6$s', false);
INSERT INTO "lifeCycle"."eventFormat" (type, format, message, notification) VALUES ('recordsManagement/profileCreation', 'archivalProfileReference', 'Création du profil %6$s', false);
INSERT INTO "lifeCycle"."eventFormat" (type, format, message, notification) VALUES ('recordsManagement/profileDestruction', 'archivalProfileReference', 'Destruction du profil %6$s', false);
INSERT INTO "lifeCycle"."eventFormat" (type, format, message, notification) VALUES ('recordsManagement/periodicIntegrityCheck', 'startDatetime endDatetime nbArchivesToCheck nbArchivesInSample archivesChecked', 'Validation périodique de l''intégrité', false);
INSERT INTO "lifeCycle"."eventFormat" (type, format, message, notification) VALUES ('recordsManagement/restitution', 'resId hashAlgorithm hash address originatorOrgRegNumber archiverOrgRegNumber size', 'Restitution de l''archive %6$s', false);
INSERT INTO "lifeCycle"."eventFormat" (type, format, message, notification) VALUES ('recordsManagement/retentionRuleModification', 'resId hashAlgorithm hash address retentionStartDate retentionDuration finalDisposition previousStartDate previousDuration previousFinalDisposition originatorOrgRegNumber archiverOrgRegNumber', 'Modification de la règle de conservation de l''archive %6$s', false);
INSERT INTO "lifeCycle"."eventFormat" (type, format, message, notification) VALUES ('recordsManagement/unfreeze', 'resId hashAlgorithm hash address originatorOrgRegNumber archiverOrgRegNumber', 'Dégel de l''archive %6$s', false);
INSERT INTO "lifeCycle"."eventFormat" (type, format, message, notification) VALUES ('recordsManagement/resourceDestruction', 'resId hashAlgorithm hash address originatorOrgRegNumber archiverOrgRegNumber', 'Destruction de la ressource %9$s', FALSE);
INSERT INTO "lifeCycle"."eventFormat" (type, format, message, notification) VALUES ('recordsManagement/depositNewResource', 'resId hashAlgorithm hash address originatorOrgRegNumber depositorOrgRegNumber archiverOrgRegNumber format size', 'Dépôt d''une nouvelle pièce dans l''archive %6$s', FALSE);

INSERT INTO "lifeCycle"."eventFormat" ("type", "format", "notification", "message") VALUES
    ('medona/sending', 'type senderOrgRegNumber senderOrgName recipientOrgRegNumber recipientOrgName reference', FALSE, 'Envoi du message %14$s de type %9$s de %11$s (%10$s) à %13$s (%12$s)'),
    ('medona/reception', 'type senderOrgRegNumber senderOrgName recipientOrgRegNumber recipientOrgName reference', FALSE, 'Réception du message %14$s de type %9$s de %11$s (%10$s) par %13$s (%12$s)'),
    ('medona/validation', 'type senderOrgRegNumber senderOrgName recipientOrgRegNumber recipientOrgName reference code info', FALSE, 'Validation du message %14$s : %16$s (%15$s)'),
    ('medona/acknowledgement', 'type senderOrgRegNumber senderOrgName recipientOrgRegNumber recipientOrgName reference code info', FALSE, 'Acquittement du message %14$s : %16$s (%15$s)'),
    ('medona/processing', 'type senderOrgRegNumber senderOrgName recipientOrgRegNumber recipientOrgName reference', FALSE, 'Traitement du message %14$s de type %9$s de %11$s (%10$s) par %13$s (%12$s)'),
    ('medona/acceptance', 'type senderOrgRegNumber senderOrgName recipientOrgRegNumber recipientOrgName reference', FALSE, 'Message %14$s de type %9$s accepté par %13$s (%12$s)'),
    ('medona/rejection', 'type senderOrgRegNumber senderOrgName recipientOrgRegNumber recipientOrgName reference', FALSE, 'Message %14$s de type %9$s rejeté par %13$s (%12$s)'),
    ('medona/retry', 'type senderOrgRegNumber senderOrgName recipientOrgRegNumber recipientOrgName reference', FALSE, 'Message %14$s de type %9$s réinitialisé par %13$s (%12$s)');


INSERT INTO organization."orgType" (code, name) VALUES ('Collectivite', 'Collectivité');
INSERT INTO organization."orgType" (code, name) VALUES ('Societe', 'Société');
INSERT INTO organization."orgType" (code, name) VALUES ('Direction', 'Direction d''une entreprise ou d''une collectivité');
INSERT INTO organization."orgType" (code, name) VALUES ('Service', 'Service d''une entreprise ou d''une collectivité');
INSERT INTO organization."orgType" (code, name) VALUES ('Division', 'Division d''une entreprise');

INSERT INTO organization.organization ("orgId", "orgName", "otherOrgName", "displayName", "registrationNumber", "beginDate", "endDate", "legalClassification", "businessType", description, "orgTypeCode", "orgRoleCodes", "taxIdentifier", "parentOrgId", "ownerOrgId", "isOrgUnit") VALUES ('ACME', 'Archives Conservation et Mémoire Électronique', NULL, 'Archives Conservation et Mémoire Électronique', 'ACME', NULL, NULL, NULL, NULL, NULL, NULL, NULL, NULL, NULL, NULL, false);
INSERT INTO organization.organization ("orgId", "orgName", "otherOrgName", "displayName", "registrationNumber", "beginDate", "endDate", "legalClassification", "businessType", description, "orgTypeCode", "orgRoleCodes", "taxIdentifier", "parentOrgId", "ownerOrgId", "isOrgUnit") VALUES ('DAF', 'Direction Administrative et Financière', NULL, 'Direction Administrative et Financière', 'DAF', NULL, NULL, NULL, NULL, NULL, NULL, NULL, NULL, 'ACME', 'ACME', true);
INSERT INTO organization.organization ("orgId", "orgName", "otherOrgName", "displayName", "registrationNumber", "beginDate", "endDate", "legalClassification", "businessType", description, "orgTypeCode", "orgRoleCodes", "taxIdentifier", "parentOrgId", "ownerOrgId", "isOrgUnit") VALUES ('SJ', 'Service Juridique', NULL, 'Service Juridique', 'SJ', NULL, NULL, NULL, NULL, NULL, NULL, NULL, NULL, 'DAF', 'ACME', true);
INSERT INTO organization.organization ("orgId", "orgName", "otherOrgName", "displayName", "registrationNumber", "beginDate", "endDate", "legalClassification", "businessType", description, "orgTypeCode", "orgRoleCodes", "taxIdentifier", "parentOrgId", "ownerOrgId", "isOrgUnit") VALUES ('RH', 'Direction des Ressources Humaines', NULL, 'Direction des Ressources Humaines', 'RH', NULL, NULL, NULL, NULL, NULL, NULL, NULL, NULL, 'ACME', 'ACME', true);
INSERT INTO organization.organization ("orgId", "orgName", "otherOrgName", "displayName", "registrationNumber", "beginDate", "endDate", "legalClassification", "businessType", description, "orgTypeCode", "orgRoleCodes", "taxIdentifier", "parentOrgId", "ownerOrgId", "isOrgUnit") VALUES ('GIC', 'Gestion et Conservation de l''Information', NULL, 'Gestion et Conservation de l''Information', 'GIC', NULL, NULL, NULL, NULL, NULL, NULL, 'owner', NULL, 'ACME', 'ACME', true);
INSERT INTO organization.organization ("orgId", "orgName", "otherOrgName", "displayName", "registrationNumber", "beginDate", "endDate", "legalClassification", "businessType", description, "orgTypeCode", "orgRoleCodes", "taxIdentifier", "parentOrgId", "ownerOrgId", "isOrgUnit") VALUES ('DG', 'Direction Générale', NULL, 'Direction Générale', 'DG', NULL, NULL, NULL, NULL, NULL, NULL, NULL, NULL, 'DAF', 'ACME', true);
INSERT INTO organization.organization ("orgId", "orgName", "otherOrgName", "displayName", "registrationNumber", "beginDate", "endDate", "legalClassification", "businessType", description, "orgTypeCode", "orgRoleCodes", "taxIdentifier", "parentOrgId", "ownerOrgId", "isOrgUnit") VALUES ('SG', 'Services généraux', NULL, 'Direction des Services Généraux', 'SG', NULL, NULL, NULL, NULL, NULL, NULL, NULL, NULL, 'DAF', 'ACME', true);
INSERT INTO organization.organization ("orgId", "orgName", "otherOrgName", "displayName", "registrationNumber", "beginDate", "endDate", "legalClassification", "businessType", description, "orgTypeCode", "orgRoleCodes", "taxIdentifier", "parentOrgId", "ownerOrgId", "isOrgUnit") VALUES ('DOCSOC', 'Documents de société', NULL, 'Document de société', 'DOCSOC', NULL, NULL, NULL, NULL, NULL, NULL, NULL, NULL, 'DG', 'ACME', true);
INSERT INTO organization.organization ("orgId", "orgName", "otherOrgName", "displayName", "registrationNumber", "beginDate", "endDate", "legalClassification", "businessType", description, "orgTypeCode", "orgRoleCodes", "taxIdentifier", "parentOrgId", "ownerOrgId", "isOrgUnit") VALUES ('LITIGES', 'Suivi litiges Contentieux', NULL, 'Suivi des litiges et contentieux', 'LITIGES', NULL, NULL, NULL, NULL, NULL, NULL, NULL, NULL, 'DG', 'ACME', true);
INSERT INTO organization.organization ("orgId", "orgName", "otherOrgName", "displayName", "registrationNumber", "beginDate", "endDate", "legalClassification", "businessType", description, "orgTypeCode", "orgRoleCodes", "taxIdentifier", "parentOrgId", "ownerOrgId", "isOrgUnit") VALUES ('ASSU', 'Assurances Groupe', NULL, 'Assurances du Groupe', 'ASSU', NULL, NULL, NULL, NULL, NULL, NULL, NULL, NULL, 'SJ', 'ACME', true);
INSERT INTO organization.organization ("orgId", "orgName", "otherOrgName", "displayName", "registrationNumber", "beginDate", "endDate", "legalClassification", "businessType", description, "orgTypeCode", "orgRoleCodes", "taxIdentifier", "parentOrgId", "ownerOrgId", "isOrgUnit") VALUES ('DSI', 'Direction des SI', NULL, 'Direction des Systèmes d''Information', 'DSI', NULL, NULL, NULL, NULL, NULL, NULL, NULL, NULL, 'ACME', 'ACME', true);
INSERT INTO organization.organization ("orgId", "orgName", "otherOrgName", "displayName", "registrationNumber", "beginDate", "endDate", "legalClassification", "businessType", description, "orgTypeCode", "orgRoleCodes", "taxIdentifier", "parentOrgId", "ownerOrgId", "isOrgUnit") VALUES ('DSOC', 'Droit des sociétés', NULL, 'Droit des Sociétés', 'DSOC', NULL, NULL, NULL, NULL, NULL, NULL, NULL, NULL, 'SJ', 'ACME', true);
INSERT INTO organization.organization ("orgId", "orgName", "otherOrgName", "displayName", "registrationNumber", "beginDate", "endDate", "legalClassification", "businessType", description, "orgTypeCode", "orgRoleCodes", "taxIdentifier", "parentOrgId", "ownerOrgId", "isOrgUnit") VALUES ('CONCOM', 'Contrats Commerciaux', NULL, 'Contrats Commerciaux', 'CONCOM', NULL, NULL, NULL, NULL, NULL, NULL, NULL, NULL, 'SJ', 'ACME', true);
INSERT INTO organization.organization ("orgId", "orgName", "otherOrgName", "displayName", "registrationNumber", "beginDate", "endDate", "legalClassification", "businessType", description, "orgTypeCode", "orgRoleCodes", "taxIdentifier", "parentOrgId", "ownerOrgId", "isOrgUnit") VALUES ('PAIE', 'Rémunération et Paie', NULL, 'Rémunération et Paie', 'PAIE', NULL, NULL, NULL, NULL, NULL, NULL, NULL, NULL, 'RH', 'ACME', true);
INSERT INTO organization.organization ("orgId", "orgName", "otherOrgName", "displayName", "registrationNumber", "beginDate", "endDate", "legalClassification", "businessType", description, "orgTypeCode", "orgRoleCodes", "taxIdentifier", "parentOrgId", "ownerOrgId", "isOrgUnit") VALUES ('DIP', 'Dossiers du personnel', NULL, 'Dossiers Individuels du Personnel', 'DIP', NULL, NULL, NULL, NULL, NULL, NULL, NULL, NULL, 'RH', 'ACME', true);
INSERT INTO organization.organization ("orgId", "orgName", "otherOrgName", "displayName", "registrationNumber", "beginDate", "endDate", "legalClassification", "businessType", description, "orgTypeCode", "orgRoleCodes", "taxIdentifier", "parentOrgId", "ownerOrgId", "isOrgUnit") VALUES ('NOTFRA', 'Notes Frais', NULL, 'Gestion des Notes de Frais', 'NOTFRA', NULL, NULL, NULL, NULL, NULL, NULL, NULL, NULL, 'RH', 'ACME', true);
INSERT INTO organization.organization ("orgId", "orgName", "otherOrgName", "displayName", "registrationNumber", "beginDate", "endDate", "legalClassification", "businessType", description, "orgTypeCode", "orgRoleCodes", "taxIdentifier", "parentOrgId", "ownerOrgId", "isOrgUnit") VALUES ('MUT', 'Prévoyance/Mutuelle', NULL, 'Prévoyance/Mutuelle', 'MUT', NULL, NULL, NULL, NULL, NULL, NULL, NULL, NULL, 'RH', 'ACME', true);
INSERT INTO organization.organization ("orgId", "orgName", "otherOrgName", "displayName", "registrationNumber", "beginDate", "endDate", "legalClassification", "businessType", description, "orgTypeCode", "orgRoleCodes", "taxIdentifier", "parentOrgId", "ownerOrgId", "isOrgUnit") VALUES ('CTBLE', 'Service Comptable', NULL, 'Service Comptable', 'CTBLE', NULL, NULL, NULL, NULL, NULL, NULL, NULL, NULL, 'DAF', 'ACME', true);
INSERT INTO organization.organization ("orgId", "orgName", "otherOrgName", "displayName", "registrationNumber", "beginDate", "endDate", "legalClassification", "businessType", description, "orgTypeCode", "orgRoleCodes", "taxIdentifier", "parentOrgId", "ownerOrgId", "isOrgUnit") VALUES ('FOUR', 'Achats/Fournisseurs', NULL, 'Comptabilité Achats/Fournisseurs', 'FOUR', NULL, NULL, NULL, NULL, NULL, NULL, NULL, NULL, 'CTBLE', 'ACME', true);
INSERT INTO organization.organization ("orgId", "orgName", "otherOrgName", "displayName", "registrationNumber", "beginDate", "endDate", "legalClassification", "businessType", description, "orgTypeCode", "orgRoleCodes", "taxIdentifier", "parentOrgId", "ownerOrgId", "isOrgUnit") VALUES ('SALES', 'Ventes/Clients', NULL, 'Comptabilité Ventes/Clients', 'SALES', NULL, NULL, NULL, NULL, NULL, NULL, NULL, NULL, 'CTBLE', 'ACME', true);
INSERT INTO organization.organization ("orgId", "orgName", "otherOrgName", "displayName", "registrationNumber", "beginDate", "endDate", "legalClassification", "businessType", description, "orgTypeCode", "orgRoleCodes", "taxIdentifier", "parentOrgId", "ownerOrgId", "isOrgUnit") VALUES ('GEN', 'Comptabilité Générale', NULL, 'Comptabilité Générale/Éditions comptables', 'GEN', NULL, NULL, NULL, NULL, NULL, NULL, NULL, NULL, 'CTBLE', 'ACME', true);
INSERT INTO organization.organization ("orgId", "orgName", "otherOrgName", "displayName", "registrationNumber", "beginDate", "endDate", "legalClassification", "businessType", description, "orgTypeCode", "orgRoleCodes", "taxIdentifier", "parentOrgId", "ownerOrgId", "isOrgUnit") VALUES ('TRESO', 'Trésorerie', NULL, 'Trésorerie', 'TRESO', NULL, NULL, NULL, NULL, NULL, NULL, NULL, NULL, 'CTBLE', 'ACME', true);
INSERT INTO organization.organization ("orgId", "orgName", "otherOrgName", "displayName", "registrationNumber", "beginDate", "endDate", "legalClassification", "businessType", description, "orgTypeCode", "orgRoleCodes", "taxIdentifier", "parentOrgId", "ownerOrgId", "isOrgUnit") VALUES ('FISCA', 'Fiscalité', NULL, 'Fiscalité', 'FISCA', NULL, NULL, NULL, NULL, NULL, NULL, NULL, NULL, 'CTBLE', 'ACME', true);
INSERT INTO organization.organization ("orgId", "orgName", "otherOrgName", "displayName", "registrationNumber", "beginDate", "endDate", "legalClassification", "businessType", description, "orgTypeCode", "orgRoleCodes", "taxIdentifier", "parentOrgId", "ownerOrgId", "isOrgUnit") VALUES ('ACHAT', 'Achats Groupe', NULL, 'Achats Groupe', 'ACHAT', NULL, NULL, NULL, NULL, NULL, NULL, NULL, NULL, 'SG', 'ACME', true);
INSERT INTO organization.organization ("orgId", "orgName", "otherOrgName", "displayName", "registrationNumber", "beginDate", "endDate", "legalClassification", "businessType", description, "orgTypeCode", "orgRoleCodes", "taxIdentifier", "parentOrgId", "ownerOrgId", "isOrgUnit") VALUES ('SUPP', 'Support', NULL, 'Support', 'SUPP', NULL, NULL, NULL, NULL, NULL, NULL, NULL, NULL, 'DSI', 'ACME', true);
INSERT INTO organization.organization ("orgId", "orgName", "otherOrgName", "displayName", "registrationNumber", "beginDate", "endDate", "legalClassification", "businessType", description, "orgTypeCode", "orgRoleCodes", "taxIdentifier", "parentOrgId", "ownerOrgId", "isOrgUnit") VALUES ('DCIAL', 'Direction Commerciale', NULL, 'Direction Commerciale', 'DCIAL', NULL, NULL, NULL, NULL, NULL, NULL, NULL, NULL, 'ACME', 'ACME', true);
INSERT INTO organization.organization ("orgId", "orgName", "otherOrgName", "displayName", "registrationNumber", "beginDate", "endDate", "legalClassification", "businessType", description, "orgTypeCode", "orgRoleCodes", "taxIdentifier", "parentOrgId", "ownerOrgId", "isOrgUnit") VALUES ('CUST', 'Gestion Clients', NULL, 'Gestion Clients', 'CUST', NULL, NULL, NULL, NULL, NULL, NULL, NULL, NULL, 'DCIAL', 'ACME', true);
INSERT INTO organization.organization ("orgId", "orgName", "otherOrgName", "displayName", "registrationNumber", "beginDate", "endDate", "legalClassification", "businessType", description, "orgTypeCode", "orgRoleCodes", "taxIdentifier", "parentOrgId", "ownerOrgId", "isOrgUnit") VALUES ('MARK', 'Marketing', NULL, 'Marketing', 'MARK', NULL, NULL, NULL, NULL, NULL, NULL, NULL, NULL, 'DCIAL', 'ACME', true);
INSERT INTO organization.organization ("orgId", "orgName", "otherOrgName", "displayName", "registrationNumber", "beginDate", "endDate", "legalClassification", "businessType", description, "orgTypeCode", "orgRoleCodes", "taxIdentifier", "parentOrgId", "ownerOrgId", "isOrgUnit") VALUES ('DEAL', 'Offres Commerciales', NULL, 'Offres Commerciales', 'DEAL', NULL, NULL, NULL, NULL, NULL, NULL, NULL, NULL, 'DCIAL', 'ACME', true);
INSERT INTO organization.organization ("orgId", "orgName", "otherOrgName", "displayName", "registrationNumber", "beginDate", "endDate", "legalClassification", "businessType", description, "orgTypeCode", "orgRoleCodes", "taxIdentifier", "parentOrgId", "ownerOrgId", "isOrgUnit") VALUES ('BILAN', 'Comptes de bilan', NULL, 'Comptes de Bilan et Clôture d''Exercice', 'BILAN', NULL, NULL, NULL, NULL, NULL, NULL, NULL, NULL, 'CTBLE', 'ACME', true);
INSERT INTO organization.organization ("orgId", "orgName", "otherOrgName", "displayName", "registrationNumber", "beginDate", "endDate", "legalClassification", "businessType", description, "orgTypeCode", "orgRoleCodes", "taxIdentifier", "parentOrgId", "ownerOrgId", "isOrgUnit") VALUES ('AUTO', 'Gestion parc Auto', NULL, 'Gestion du Parc Automobile', 'AUTO', NULL, NULL, NULL, NULL, NULL, NULL, NULL, NULL, 'SG', 'ACME', true);
INSERT INTO organization.organization ("orgId", "orgName", "otherOrgName", "displayName", "registrationNumber", "beginDate", "endDate", "legalClassification", "businessType", description, "orgTypeCode", "orgRoleCodes", "taxIdentifier", "parentOrgId", "ownerOrgId", "isOrgUnit") VALUES ('NETT', 'Nettoyage des Locaux', NULL, 'Nettoyage des Locaux', 'NETT', NULL, NULL, NULL, NULL, NULL, NULL, NULL, NULL, 'SG', 'ACME', true);
INSERT INTO organization.organization ("orgId", "orgName", "otherOrgName", "displayName", "registrationNumber", "beginDate", "endDate", "legalClassification", "businessType", description, "orgTypeCode", "orgRoleCodes", "taxIdentifier", "parentOrgId", "ownerOrgId", "isOrgUnit") VALUES ('SOC', 'Charges Sociales', NULL, 'Charges Sociales', 'SOC', NULL, NULL, NULL, NULL, NULL, NULL, NULL, NULL, 'RH', 'ACME', true);
INSERT INTO organization.organization ("orgId", "orgName", "otherOrgName", "displayName", "registrationNumber", "beginDate", "endDate", "legalClassification", "businessType", description, "orgTypeCode", "orgRoleCodes", "taxIdentifier", "parentOrgId", "ownerOrgId", "isOrgUnit") VALUES ('TENDER', 'Appels d''offres', NULL, 'Réponses aux Appels d''Offres/Collectivités', 'TENDER', NULL, NULL, NULL, NULL, NULL, NULL, NULL, NULL, 'DCIAL', 'ACME', true);
INSERT INTO organization.organization ("orgId", "orgName", "otherOrgName", "displayName", "registrationNumber", "beginDate", "endDate", "legalClassification", "businessType", description, "orgTypeCode", "orgRoleCodes", "taxIdentifier", "parentOrgId", "ownerOrgId", "isOrgUnit") VALUES ('SIG', 'Gestion systèmes d''informations', NULL, 'Gestion des Systèmes d''Information', 'SIG', NULL, NULL, NULL, NULL, NULL, NULL, NULL, NULL, 'DSI', 'ACME', true);
INSERT INTO organization.organization ("orgId", "orgName", "otherOrgName", "displayName", "registrationNumber", "beginDate", "endDate", "legalClassification", "businessType", description, "orgTypeCode", "orgRoleCodes", "taxIdentifier", "parentOrgId", "ownerOrgId", "isOrgUnit") VALUES ('SYSRES', 'Système et Réseaux', NULL, 'Système et Réseaux', 'SYSRES', NULL, NULL, NULL, NULL, NULL, NULL, NULL, NULL, 'DSI', 'ACME', true);

INSERT INTO organization."archivalProfileAccess" ("orgId", "archivalProfileReference", "originatorAccess", "serviceLevelReference", "userAccess") VALUES ('DAF', 'FACACH', false, '', '{"subProfile": {}, "processingStatuses": {"QUALIFIED": {"actions": {"reject": {}, "redirect": {}, "validate": {}}}, "VALIDATED": {"actions": {"reject": {}, "approve": {}}}}}');
INSERT INTO organization."archivalProfileAccess" ("orgId", "archivalProfileReference", "originatorAccess", "serviceLevelReference", "userAccess") VALUES ('DIP', 'DOSIP', true, '', NULL);
INSERT INTO organization."archivalProfileAccess" ("orgId", "archivalProfileReference", "originatorAccess", "serviceLevelReference", "userAccess") VALUES ('DSI', 'FACACH', false, '', '{"subProfile": {}, "processingStatuses": {"QUALIFIED": {"actions": {"reject": {}, "redirect": {}, "validate": {}}}, "VALIDATED": {"actions": {"reject": {}, "approve": {}}}}}');
INSERT INTO organization."archivalProfileAccess" ("orgId", "archivalProfileReference", "originatorAccess", "serviceLevelReference", "userAccess") VALUES ('FOUR', 'FACACH', true, '', '{"history": {}, "subProfile": {}, "processingStatuses": {"NEW": {"actions": {"qualify": {}, "cancelQualify": {}}}, "APPROVED": {"actions": {"pay": {}, "updateMetadata": {}}}, "REJECTED": {"actions": {"cancelQualify": {}, "sendValidation": {}, "updateMetadata": {}, "sendToApprobation": {}}}, "MISQUALIFIED": {"actions": {"qualify": {}}}}}');
INSERT INTO organization."archivalProfileAccess" ("orgId", "archivalProfileReference", "originatorAccess", "serviceLevelReference", "userAccess") VALUES ('FOUR', 'FACJU', true, '', NULL);
INSERT INTO organization."archivalProfileAccess" ("orgId", "archivalProfileReference", "originatorAccess", "serviceLevelReference", "userAccess") VALUES ('SALES', 'FACVEN', true, '', NULL);
INSERT INTO organization."archivalProfileAccess" ("orgId", "archivalProfileReference", "originatorAccess", "serviceLevelReference", "userAccess") VALUES ('SG', 'FACACH', false, '', '{"subProfile": {}, "processingStatuses": {"QUALIFIED": {"actions": {"reject": {}, "redirect": {}, "validate": {}}}, "VALIDATED": {"actions": {"reject": {}, "approve": {}}}}}');
INSERT INTO organization."archivalProfileAccess" ("orgId", "archivalProfileReference", "originatorAccess", "serviceLevelReference", "userAccess") VALUES ('PAIE', 'BULPAI', true, '', '{"subProfile": {}, "processingStatuses": {}}');
INSERT INTO organization."archivalProfileAccess" ("orgId", "archivalProfileReference", "originatorAccess", "serviceLevelReference", "userAccess") VALUES ('DAF', 'NOTSER', true, '', '{"subProfile": {}, "processingStatuses": {}}');
INSERT INTO organization."archivalProfileAccess" ("orgId", "archivalProfileReference", "originatorAccess", "serviceLevelReference", "userAccess") VALUES ('DCIAL', 'NOTSER', true, '', '{"subProfile": {}, "processingStatuses": {}}');
INSERT INTO organization."archivalProfileAccess" ("orgId", "archivalProfileReference", "originatorAccess", "serviceLevelReference", "userAccess") VALUES ('RH', 'NOTSER', true, '', '{"subProfile": {}, "processingStatuses": {}}');
INSERT INTO organization."archivalProfileAccess" ("orgId", "archivalProfileReference", "originatorAccess", "serviceLevelReference", "userAccess") VALUES ('DSI', 'NOTSER', true, '', '{"subProfile": {}, "processingStatuses": {}}');
INSERT INTO organization."archivalProfileAccess" ("orgId", "archivalProfileReference", "originatorAccess", "serviceLevelReference", "userAccess") VALUES ('GIC', 'NOTSER', true, '', '{"subProfile": {}, "processingStatuses": {}}');
INSERT INTO organization."archivalProfileAccess" ("orgId", "archivalProfileReference", "originatorAccess", "serviceLevelReference", "userAccess") VALUES ('TENDER', 'PM', true, '', '{"subProfile": {}, "processingStatuses": {}}');
INSERT INTO organization."archivalProfileAccess" ("orgId", "archivalProfileReference", "originatorAccess", "serviceLevelReference", "userAccess") VALUES ('TENDER', 'COUNM', true, '', '{"subProfile": {}, "processingStatuses": {}}');
INSERT INTO organization."archivalProfileAccess" ("orgId", "archivalProfileReference", "originatorAccess", "serviceLevelReference", "userAccess") VALUES ('DOCSOC', 'FICCR', true, '', '{"subProfile": {}, "processingStatuses": {}}');
INSERT INTO organization."archivalProfileAccess" ("orgId", "archivalProfileReference", "originatorAccess", "serviceLevelReference", "userAccess") VALUES ('DOCSOC', 'LETC', true, '', '{"subProfile": {}, "processingStatuses": {}}');
INSERT INTO organization."archivalProfileAccess" ("orgId", "archivalProfileReference", "originatorAccess", "serviceLevelReference", "userAccess") VALUES ('DOCSOC', 'FICI', true, '', '{"subProfile": {}, "processingStatuses": {}}');
INSERT INTO organization."archivalProfileAccess" ("orgId", "archivalProfileReference", "originatorAccess", "serviceLevelReference", "userAccess") VALUES ('MARK', 'FACACH', false, '', '{"subProfile": {}, "processingStatuses": {"QUALIFIED": {"actions": {"reject": {}, "redirect": {}, "validate": {}}}}}');
INSERT INTO organization."archivalProfileAccess" ("orgId", "archivalProfileReference", "originatorAccess", "serviceLevelReference", "userAccess") VALUES ('DCIAL', 'FACACH', false, '', '{"subProfile": {}, "processingStatuses": {"VALIDATED": {"actions": {"reject": {}, "approve": {}}}}}');

INSERT INTO organization."servicePosition" ("serviceAccountId", "orgId") VALUES ('SystemDepositor', 'GIC');
INSERT INTO organization."servicePosition" ("serviceAccountId", "orgId") VALUES ('System', 'GIC');

INSERT INTO organization."userPosition" ("userAccountId", "orgId", function, "default") VALUES ('ddaull', 'DAF', NULL, true);
INSERT INTO organization."userPosition" ("userAccountId", "orgId", function, "default") VALUES ('jjonasz', 'LITIGES', NULL, true);
INSERT INTO organization."userPosition" ("userAccountId", "orgId", function, "default") VALUES ('aackermann', 'FOUR', NULL, true);
INSERT INTO organization."userPosition" ("userAccountId", "orgId", function, "default") VALUES ('aalambic', 'FOUR', NULL, true);
INSERT INTO organization."userPosition" ("userAccountId", "orgId", function, "default") VALUES ('ccordy', 'FOUR', NULL, true);
INSERT INTO organization."userPosition" ("userAccountId", "orgId", function, "default") VALUES ('ccamus', 'TRESO', NULL, true);
INSERT INTO organization."userPosition" ("userAccountId", "orgId", function, "default") VALUES ('bboule', 'SALES', NULL, true);
INSERT INTO organization."userPosition" ("userAccountId", "orgId", function, "default") VALUES ('ddur', 'SALES', NULL, true);
INSERT INTO organization."userPosition" ("userAccountId", "orgId", function, "default") VALUES ('eerina', 'SALES', NULL, true);
INSERT INTO organization."userPosition" ("userAccountId", "orgId", function, "default") VALUES ('ttong', 'SALES', NULL, true);
INSERT INTO organization."userPosition" ("userAccountId", "orgId", function, "default") VALUES ('bbain', 'SJ', NULL, true);
INSERT INTO organization."userPosition" ("userAccountId", "orgId", function, "default") VALUES ('rrenaud', 'SG', NULL, true);
INSERT INTO organization."userPosition" ("userAccountId", "orgId", function, "default") VALUES ('ssaporta', 'AUTO', NULL, true);
INSERT INTO organization."userPosition" ("userAccountId", "orgId", function, "default") VALUES ('ppacioli', 'NETT', NULL, true);
INSERT INTO organization."userPosition" ("userAccountId", "orgId", function, "default") VALUES ('kkaar', 'TENDER', NULL, true);
INSERT INTO organization."userPosition" ("userAccountId", "orgId", function, "default") VALUES ('ssissoko', 'CUST', NULL, true);
INSERT INTO organization."userPosition" ("userAccountId", "orgId", function, "default") VALUES ('kkrach', 'MARK', NULL, true);
INSERT INTO organization."userPosition" ("userAccountId", "orgId", function, "default") VALUES ('mmanfred', 'DEAL', NULL, true);
INSERT INTO organization."userPosition" ("userAccountId", "orgId", function, "default") VALUES ('vvictoire', 'RH', NULL, true);
INSERT INTO organization."userPosition" ("userAccountId", "orgId", function, "default") VALUES ('hhier', 'PAIE', NULL, true);
INSERT INTO organization."userPosition" ("userAccountId", "orgId", function, "default") VALUES ('ppreboist', 'DSI', NULL, true);
INSERT INTO organization."userPosition" ("userAccountId", "orgId", function, "default") VALUES ('ppruvost', 'DSI', NULL, true);
INSERT INTO organization."userPosition" ("userAccountId", "orgId", function, "default") VALUES ('sstallone', 'SUPP', NULL, true);
INSERT INTO organization."userPosition" ("userAccountId", "orgId", function, "default") VALUES ('sstar', 'SUPP', NULL, true);
INSERT INTO organization."userPosition" ("userAccountId", "orgId", function, "default") VALUES ('ttule', 'SYSRES', NULL, true);
INSERT INTO organization."userPosition" ("userAccountId", "orgId", function, "default") VALUES ('ddenis', 'GIC', NULL, true);
INSERT INTO organization."userPosition" ("userAccountId", "orgId", function, "default") VALUES ('ccharles', 'GIC', NULL, true);
INSERT INTO organization."userPosition" ("userAccountId", "orgId", function, "default") VALUES ('aadams', 'DAF', NULL, true);
INSERT INTO organization."userPosition" ("userAccountId", "orgId", function, "default") VALUES ('aastier', 'SG', NULL, true);
INSERT INTO organization."userPosition" ("userAccountId", "orgId", function, "default") VALUES ('workflow_pod5l0-232e-0aggqt', 'GEN', NULL, true);
INSERT INTO organization."userPosition" ("userAccountId", "orgId", function, "default") VALUES ('bblier', 'GIC', NULL, true);
INSERT INTO organization."userPosition" ("userAccountId", "orgId", function, "default") VALUES ('cchaplin', 'RH', NULL, true);
INSERT INTO organization."userPosition" ("userAccountId", "orgId", function, "default") VALUES ('ccox', 'SJ', NULL, true);
INSERT INTO organization."userPosition" ("userAccountId", "orgId", function, "default") VALUES ('ggrand', 'RH', NULL, true);
INSERT INTO organization."userPosition" ("userAccountId", "orgId", function, "default") VALUES ('jjane', 'DOCSOC', NULL, true);
INSERT INTO organization."userPosition" ("userAccountId", "orgId", function, "default") VALUES ('nnataly', 'DSI', NULL, true);
INSERT INTO organization."userPosition" ("userAccountId", "orgId", function, "default") VALUES ('ppetit', 'CTBLE', NULL, true);
INSERT INTO organization."userPosition" ("userAccountId", "orgId", function, "default") VALUES ('rreynolds', 'ACHAT', NULL, true);
INSERT INTO organization."userPosition" ("userAccountId", "orgId", function, "default") VALUES ('sstone', 'DCIAL', NULL, true);


INSERT INTO "recordsManagement"."retentionRule" (code, duration, "finalDisposition", description, label, "implementationDate") VALUES ('BULPAI', 'P5Y', 'destruction', 'Code du Travail, art. L3243-4 - Code de la Sécurité Sociale, art. L243-12', 'Bulletins de paie', NULL);
INSERT INTO "recordsManagement"."retentionRule" (code, duration, "finalDisposition", description, label, "implementationDate") VALUES ('DIP', 'P90Y', 'destruction', 'Convention Collective nationale de retraite et de prévoyance des cadres, art. 23', 'Dossier individuel du personnel', NULL);
INSERT INTO "recordsManagement"."retentionRule" (code, duration, "finalDisposition", description, label, "implementationDate") VALUES ('COM', 'P10Y', 'destruction', 'Code du commerce, Article L123-22', 'Documents comptables', NULL);
INSERT INTO "recordsManagement"."retentionRule" (code, duration, "finalDisposition", description, label, "implementationDate") VALUES ('IMP', 'P6Y', 'destruction', 'Livre des Procédures Fiscales, art 102 B et L 169 : Livres, registres, documents ou pièces sur lesquels peuvent s''exercer les droits de communication, d''enquête et de contrôle de l''administration', 'Contrôle de l''impôt', NULL);
INSERT INTO "recordsManagement"."retentionRule" (code, duration, "finalDisposition", description, label, "implementationDate") VALUES ('IMPS', 'P10Y', 'destruction', 'Livre des Procédures Fiscales, art 102 B et L 169 alinea 2: Les registres tenus en application du 9 de l''article 298 sexdecies F du code général des impôts et du 5 de l''article 298 sexdecies G du même code', 'Impôt sur les sociétés et liasses fiscales', NULL);
INSERT INTO "recordsManagement"."retentionRule" (code, duration, "finalDisposition", description, label, "implementationDate") VALUES ('IMPA', 'P3Y', 'destruction', 'Livre des Procédures Fiscales, art 102 B et L 169 alinea 3', 'Taxe professionnelle', NULL);
INSERT INTO "recordsManagement"."retentionRule" (code, duration, "finalDisposition", description, label, "implementationDate") VALUES ('GES', 'P5Y', 'destruction', 'Documents de gestion', 'Documents de gestion', NULL);

INSERT INTO "recordsManagement"."serviceLevel" ("serviceLevelId", reference, "digitalResourceClusterId", control, "default", "samplingFrequency", "samplingRate") VALUES ('ServiceLevel_001', 'serviceLevel_001', 'archives', 'formatDetection formatValidation virusCheck convertOnDeposit', false, 2, 50);
INSERT INTO "recordsManagement"."serviceLevel" ("serviceLevelId", reference, "digitalResourceClusterId", control, "default", "samplingFrequency", "samplingRate") VALUES ('ServiceLevel_002', 'serviceLevel_002', 'archives', '', true, 2, 50);

INSERT INTO "recordsManagement"."archivalProfile" ("archivalProfileId", reference, name, "descriptionSchema", "descriptionClass", "retentionStartDate", "retentionRuleCode", description, "accessRuleCode", "acceptUserIndex", "acceptArchiveWithoutProfile", "fileplanLevel", "processingStatuses") VALUES ('1', 'COUA', 'Courrier Administratif', NULL, NULL, 'originatingDate', NULL, NULL, NULL, true, true, 'item', NULL);
INSERT INTO "recordsManagement"."archivalProfile" ("archivalProfileId", reference, name, "descriptionSchema", "descriptionClass", "retentionStartDate", "retentionRuleCode", description, "accessRuleCode", "acceptUserIndex", "acceptArchiveWithoutProfile", "fileplanLevel", "processingStatuses") VALUES ('2', 'PRVN', 'Procès-Verbal de Négociation', NULL, NULL, 'originatingDate', NULL, NULL, NULL, true, true, 'item', NULL);
INSERT INTO "recordsManagement"."archivalProfile" ("archivalProfileId", reference, name, "descriptionSchema", "descriptionClass", "retentionStartDate", "retentionRuleCode", description, "accessRuleCode", "acceptUserIndex", "acceptArchiveWithoutProfile", "fileplanLevel", "processingStatuses") VALUES ('3', 'PRVIF', 'Procès-verbal à Incidence Financière', NULL, NULL, 'originatingDate', NULL, NULL, NULL, true, true, 'item', NULL);
INSERT INTO "recordsManagement"."archivalProfile" ("archivalProfileId", reference, name, "descriptionSchema", "descriptionClass", "retentionStartDate", "retentionRuleCode", description, "accessRuleCode", "acceptUserIndex", "acceptArchiveWithoutProfile", "fileplanLevel", "processingStatuses") VALUES ('4', 'ETAR', 'État de Rapprochement', NULL, NULL, 'originatingDate', NULL, NULL, NULL, true, true, 'item', NULL);
INSERT INTO "recordsManagement"."archivalProfile" ("archivalProfileId", reference, name, "descriptionSchema", "descriptionClass", "retentionStartDate", "retentionRuleCode", description, "accessRuleCode", "acceptUserIndex", "acceptArchiveWithoutProfile", "fileplanLevel", "processingStatuses") VALUES ('5', 'RELCC', 'Relevé de Contrôle de Caisse', NULL, NULL, 'originatingDate', NULL, NULL, NULL, true, true, 'item', NULL);
INSERT INTO "recordsManagement"."archivalProfile" ("archivalProfileId", reference, name, "descriptionSchema", "descriptionClass", "retentionStartDate", "retentionRuleCode", description, "accessRuleCode", "acceptUserIndex", "acceptArchiveWithoutProfile", "fileplanLevel", "processingStatuses") VALUES ('6', 'CTRF', 'Contrat Fournisseur', NULL, NULL, 'originatingDate', NULL, NULL, NULL, true, true, 'item', NULL);
INSERT INTO "recordsManagement"."archivalProfile" ("archivalProfileId", reference, name, "descriptionSchema", "descriptionClass", "retentionStartDate", "retentionRuleCode", description, "accessRuleCode", "acceptUserIndex", "acceptArchiveWithoutProfile", "fileplanLevel", "processingStatuses") VALUES ('7', 'DCLTVA', 'Déclaration de TVA', NULL, NULL, 'originatingDate', 'IMP', NULL, NULL, true, true, 'file', NULL);
INSERT INTO "recordsManagement"."archivalProfile" ("archivalProfileId", reference, name, "descriptionSchema", "descriptionClass", "retentionStartDate", "retentionRuleCode", description, "accessRuleCode", "acceptUserIndex", "acceptArchiveWithoutProfile", "fileplanLevel", "processingStatuses") VALUES ('8', 'QUTP', 'Quittance de Paiement', NULL, NULL, 'originatingDate', NULL, NULL, NULL, true, true, 'item', NULL);
INSERT INTO "recordsManagement"."archivalProfile" ("archivalProfileId", reference, name, "descriptionSchema", "descriptionClass", "retentionStartDate", "retentionRuleCode", description, "accessRuleCode", "acceptUserIndex", "acceptArchiveWithoutProfile", "fileplanLevel", "processingStatuses") VALUES ('9', 'FICIC', 'Fiche d''Imputation Comptable', NULL, NULL, 'originatingDate', NULL, NULL, NULL, true, true, 'item', NULL);
INSERT INTO "recordsManagement"."archivalProfile" ("archivalProfileId", reference, name, "descriptionSchema", "descriptionClass", "retentionStartDate", "retentionRuleCode", description, "accessRuleCode", "acceptUserIndex", "acceptArchiveWithoutProfile", "fileplanLevel", "processingStatuses") VALUES ('10', 'FACJU', 'Facture Justificative', NULL, NULL, 'originatingDate', 'COM', NULL, NULL, true, true, 'item', NULL);
INSERT INTO "recordsManagement"."archivalProfile" ("archivalProfileId", reference, name, "descriptionSchema", "descriptionClass", "retentionStartDate", "retentionRuleCode", description, "accessRuleCode", "acceptUserIndex", "acceptArchiveWithoutProfile", "fileplanLevel", "processingStatuses") VALUES ('11', 'FICREC', 'Fiche Récapitulative', NULL, NULL, 'originatingDate', NULL, NULL, NULL, true, true, 'item', NULL);
INSERT INTO "recordsManagement"."archivalProfile" ("archivalProfileId", reference, name, "descriptionSchema", "descriptionClass", "retentionStartDate", "retentionRuleCode", description, "accessRuleCode", "acceptUserIndex", "acceptArchiveWithoutProfile", "fileplanLevel", "processingStatuses") VALUES ('12', 'DOSC', 'Dossiers Caisse', NULL, NULL, 'originatingDate', NULL, NULL, NULL, true, true, 'file', NULL);
INSERT INTO "recordsManagement"."archivalProfile" ("archivalProfileId", reference, name, "descriptionSchema", "descriptionClass", "retentionStartDate", "retentionRuleCode", description, "accessRuleCode", "acceptUserIndex", "acceptArchiveWithoutProfile", "fileplanLevel", "processingStatuses") VALUES ('13', 'PIECD', 'Pièce de Caisse-Dépense', NULL, NULL, 'originatingDate', NULL, NULL, NULL, true, true, 'item', NULL);
INSERT INTO "recordsManagement"."archivalProfile" ("archivalProfileId", reference, name, "descriptionSchema", "descriptionClass", "retentionStartDate", "retentionRuleCode", description, "accessRuleCode", "acceptUserIndex", "acceptArchiveWithoutProfile", "fileplanLevel", "processingStatuses") VALUES ('14', 'PIEJ', 'Pièce Justificative', NULL, NULL, 'originatingDate', NULL, NULL, NULL, true, true, 'item', NULL);
INSERT INTO "recordsManagement"."archivalProfile" ("archivalProfileId", reference, name, "descriptionSchema", "descriptionClass", "retentionStartDate", "retentionRuleCode", description, "accessRuleCode", "acceptUserIndex", "acceptArchiveWithoutProfile", "fileplanLevel", "processingStatuses") VALUES ('15', 'DOSB', 'Dossiers Banque', NULL, NULL, 'originatingDate', NULL, NULL, NULL, true, true, 'file', NULL);
INSERT INTO "recordsManagement"."archivalProfile" ("archivalProfileId", reference, name, "descriptionSchema", "descriptionClass", "retentionStartDate", "retentionRuleCode", description, "accessRuleCode", "acceptUserIndex", "acceptArchiveWithoutProfile", "fileplanLevel", "processingStatuses") VALUES ('16', 'PIEBD', 'Pièce de Banque-Dépense', NULL, NULL, 'originatingDate', NULL, NULL, NULL, true, true, 'item', NULL);
INSERT INTO "recordsManagement"."archivalProfile" ("archivalProfileId", reference, name, "descriptionSchema", "descriptionClass", "retentionStartDate", "retentionRuleCode", description, "accessRuleCode", "acceptUserIndex", "acceptArchiveWithoutProfile", "fileplanLevel", "processingStatuses") VALUES ('17', 'FICDG', 'Fiche DG', NULL, NULL, 'originatingDate', NULL, NULL, NULL, true, true, 'item', NULL);
INSERT INTO "recordsManagement"."archivalProfile" ("archivalProfileId", reference, name, "descriptionSchema", "descriptionClass", "retentionStartDate", "retentionRuleCode", description, "accessRuleCode", "acceptUserIndex", "acceptArchiveWithoutProfile", "fileplanLevel", "processingStatuses") VALUES ('18', 'NOTSER', 'Note de service', NULL, NULL, 'originatingDate', NULL, NULL, NULL, true, true, 'item', NULL);
INSERT INTO "recordsManagement"."archivalProfile" ("archivalProfileId", reference, name, "descriptionSchema", "descriptionClass", "retentionStartDate", "retentionRuleCode", description, "accessRuleCode", "acceptUserIndex", "acceptArchiveWithoutProfile", "fileplanLevel", "processingStatuses") VALUES ('19', 'PM', 'Passation de marché', NULL, NULL, 'originatingDate', NULL, NULL, NULL, true, true, 'file', NULL);
INSERT INTO "recordsManagement"."archivalProfile" ("archivalProfileId", reference, name, "descriptionSchema", "descriptionClass", "retentionStartDate", "retentionRuleCode", description, "accessRuleCode", "acceptUserIndex", "acceptArchiveWithoutProfile", "fileplanLevel", "processingStatuses") VALUES ('20', 'BORT', 'Bordereau de transmission', NULL, NULL, 'originatingDate', NULL, NULL, NULL, true, true, 'item', NULL);
INSERT INTO "recordsManagement"."archivalProfile" ("archivalProfileId", reference, name, "descriptionSchema", "descriptionClass", "retentionStartDate", "retentionRuleCode", description, "accessRuleCode", "acceptUserIndex", "acceptArchiveWithoutProfile", "fileplanLevel", "processingStatuses") VALUES ('21', 'COUNM', 'Courrier de notification de marché', NULL, NULL, 'originatingDate', NULL, NULL, NULL, true, true, 'item', NULL);
INSERT INTO "recordsManagement"."archivalProfile" ("archivalProfileId", reference, name, "descriptionSchema", "descriptionClass", "retentionStartDate", "retentionRuleCode", description, "accessRuleCode", "acceptUserIndex", "acceptArchiveWithoutProfile", "fileplanLevel", "processingStatuses") VALUES ('22', 'PRVA', 'Procès-Verbal d''Attribution', NULL, NULL, 'originatingDate', NULL, NULL, NULL, true, true, 'item', NULL);
INSERT INTO "recordsManagement"."archivalProfile" ("archivalProfileId", reference, name, "descriptionSchema", "descriptionClass", "retentionStartDate", "retentionRuleCode", description, "accessRuleCode", "acceptUserIndex", "acceptArchiveWithoutProfile", "fileplanLevel", "processingStatuses") VALUES ('23', 'PRVOP', 'Proces-Verbal d''Ouverture des Plis', NULL, NULL, 'originatingDate', NULL, NULL, NULL, true, true, 'item', NULL);
INSERT INTO "recordsManagement"."archivalProfile" ("archivalProfileId", reference, name, "descriptionSchema", "descriptionClass", "retentionStartDate", "retentionRuleCode", description, "accessRuleCode", "acceptUserIndex", "acceptArchiveWithoutProfile", "fileplanLevel", "processingStatuses") VALUES ('24', 'RAPEO', 'Rapport d’Évaluation des Offres', NULL, NULL, 'originatingDate', NULL, NULL, NULL, true, true, 'item', NULL);
INSERT INTO "recordsManagement"."archivalProfile" ("archivalProfileId", reference, name, "descriptionSchema", "descriptionClass", "retentionStartDate", "retentionRuleCode", description, "accessRuleCode", "acceptUserIndex", "acceptArchiveWithoutProfile", "fileplanLevel", "processingStatuses") VALUES ('26', 'DEMC', 'Demande de Cotation', NULL, NULL, 'originatingDate', NULL, NULL, NULL, true, true, 'item', NULL);
INSERT INTO "recordsManagement"."archivalProfile" ("archivalProfileId", reference, name, "descriptionSchema", "descriptionClass", "retentionStartDate", "retentionRuleCode", description, "accessRuleCode", "acceptUserIndex", "acceptArchiveWithoutProfile", "fileplanLevel", "processingStatuses") VALUES ('27', 'RAPFOR', 'Rapport de Formation', NULL, NULL, 'originatingDate', NULL, NULL, NULL, true, true, 'item', NULL);
INSERT INTO "recordsManagement"."archivalProfile" ("archivalProfileId", reference, name, "descriptionSchema", "descriptionClass", "retentionStartDate", "retentionRuleCode", description, "accessRuleCode", "acceptUserIndex", "acceptArchiveWithoutProfile", "fileplanLevel", "processingStatuses") VALUES ('28', 'DOSIP', 'Dossier Individuel du Personnel', NULL, NULL, 'originatingDate', 'DIP', NULL, NULL, true, true, 'file', NULL);
INSERT INTO "recordsManagement"."archivalProfile" ("archivalProfileId", reference, name, "descriptionSchema", "descriptionClass", "retentionStartDate", "retentionRuleCode", description, "accessRuleCode", "acceptUserIndex", "acceptArchiveWithoutProfile", "fileplanLevel", "processingStatuses") VALUES ('29', 'ETAC', 'Etat Civil', NULL, NULL, 'originatingDate', NULL, NULL, NULL, true, true, 'item', NULL);
INSERT INTO "recordsManagement"."archivalProfile" ("archivalProfileId", reference, name, "descriptionSchema", "descriptionClass", "retentionStartDate", "retentionRuleCode", description, "accessRuleCode", "acceptUserIndex", "acceptArchiveWithoutProfile", "fileplanLevel", "processingStatuses") VALUES ('30', 'CURV', 'Curriculum Vitae', NULL, NULL, 'originatingDate', NULL, NULL, NULL, true, true, 'item', NULL);
INSERT INTO "recordsManagement"."archivalProfile" ("archivalProfileId", reference, name, "descriptionSchema", "descriptionClass", "retentionStartDate", "retentionRuleCode", description, "accessRuleCode", "acceptUserIndex", "acceptArchiveWithoutProfile", "fileplanLevel", "processingStatuses") VALUES ('31', 'EXTAN', 'Extrait d''Acte de Naissance', NULL, NULL, 'originatingDate', NULL, NULL, NULL, true, true, 'item', NULL);
INSERT INTO "recordsManagement"."archivalProfile" ("archivalProfileId", reference, name, "descriptionSchema", "descriptionClass", "retentionStartDate", "retentionRuleCode", description, "accessRuleCode", "acceptUserIndex", "acceptArchiveWithoutProfile", "fileplanLevel", "processingStatuses") VALUES ('33', 'CASJU', 'Casier Judiciaire', NULL, NULL, 'originatingDate', NULL, NULL, NULL, true, true, 'item', NULL);
INSERT INTO "recordsManagement"."archivalProfile" ("archivalProfileId", reference, name, "descriptionSchema", "descriptionClass", "retentionStartDate", "retentionRuleCode", description, "accessRuleCode", "acceptUserIndex", "acceptArchiveWithoutProfile", "fileplanLevel", "processingStatuses") VALUES ('34', 'ATTSU', 'Attestation de succès', NULL, NULL, 'originatingDate', NULL, NULL, NULL, true, true, 'item', NULL);
INSERT INTO "recordsManagement"."archivalProfile" ("archivalProfileId", reference, name, "descriptionSchema", "descriptionClass", "retentionStartDate", "retentionRuleCode", description, "accessRuleCode", "acceptUserIndex", "acceptArchiveWithoutProfile", "fileplanLevel", "processingStatuses") VALUES ('35', 'CTRTRV', 'Contrat de Travail', NULL, NULL, 'originatingDate', NULL, NULL, NULL, true, true, 'item', NULL);
INSERT INTO "recordsManagement"."archivalProfile" ("archivalProfileId", reference, name, "descriptionSchema", "descriptionClass", "retentionStartDate", "retentionRuleCode", description, "accessRuleCode", "acceptUserIndex", "acceptArchiveWithoutProfile", "fileplanLevel", "processingStatuses") VALUES ('37', 'ATTT', 'Attestation de Travail', NULL, NULL, 'originatingDate', NULL, NULL, NULL, true, true, 'item', NULL);
INSERT INTO "recordsManagement"."archivalProfile" ("archivalProfileId", reference, name, "descriptionSchema", "descriptionClass", "retentionStartDate", "retentionRuleCode", description, "accessRuleCode", "acceptUserIndex", "acceptArchiveWithoutProfile", "fileplanLevel", "processingStatuses") VALUES ('39', 'CNSS', 'Caisse Nationale de Sécurité Sociale', NULL, NULL, 'originatingDate', NULL, NULL, NULL, true, true, 'item', NULL);
INSERT INTO "recordsManagement"."archivalProfile" ("archivalProfileId", reference, name, "descriptionSchema", "descriptionClass", "retentionStartDate", "retentionRuleCode", description, "accessRuleCode", "acceptUserIndex", "acceptArchiveWithoutProfile", "fileplanLevel", "processingStatuses") VALUES ('41', 'CAR', 'Carrière', NULL, NULL, 'originatingDate', NULL, NULL, NULL, true, true, 'item', NULL);
INSERT INTO "recordsManagement"."archivalProfile" ("archivalProfileId", reference, name, "descriptionSchema", "descriptionClass", "retentionStartDate", "retentionRuleCode", description, "accessRuleCode", "acceptUserIndex", "acceptArchiveWithoutProfile", "fileplanLevel", "processingStatuses") VALUES ('42', 'DECIN', 'Décision de nomination', NULL, NULL, 'originatingDate', NULL, NULL, NULL, true, true, 'item', NULL);
INSERT INTO "recordsManagement"."archivalProfile" ("archivalProfileId", reference, name, "descriptionSchema", "descriptionClass", "retentionStartDate", "retentionRuleCode", description, "accessRuleCode", "acceptUserIndex", "acceptArchiveWithoutProfile", "fileplanLevel", "processingStatuses") VALUES ('43', 'DECIR', 'Décision de redéploiement', NULL, NULL, 'originatingDate', NULL, NULL, NULL, true, true, 'item', NULL);
INSERT INTO "recordsManagement"."archivalProfile" ("archivalProfileId", reference, name, "descriptionSchema", "descriptionClass", "retentionStartDate", "retentionRuleCode", description, "accessRuleCode", "acceptUserIndex", "acceptArchiveWithoutProfile", "fileplanLevel", "processingStatuses") VALUES ('47', 'ATTF', 'Attestation de formation', NULL, NULL, 'originatingDate', NULL, NULL, NULL, true, true, 'item', NULL);
INSERT INTO "recordsManagement"."archivalProfile" ("archivalProfileId", reference, name, "descriptionSchema", "descriptionClass", "retentionStartDate", "retentionRuleCode", description, "accessRuleCode", "acceptUserIndex", "acceptArchiveWithoutProfile", "fileplanLevel", "processingStatuses") VALUES ('53', 'COURRN', 'Courrier Répartition du Résultat Net', NULL, NULL, 'originatingDate', NULL, NULL, NULL, true, true, 'item', NULL);
INSERT INTO "recordsManagement"."archivalProfile" ("archivalProfileId", reference, name, "descriptionSchema", "descriptionClass", "retentionStartDate", "retentionRuleCode", description, "accessRuleCode", "acceptUserIndex", "acceptArchiveWithoutProfile", "fileplanLevel", "processingStatuses") VALUES ('54', 'COUDS', 'Courrier Domiciliation de Salaire', NULL, NULL, 'originatingDate', NULL, NULL, NULL, true, true, 'item', NULL);
INSERT INTO "recordsManagement"."archivalProfile" ("archivalProfileId", reference, name, "descriptionSchema", "descriptionClass", "retentionStartDate", "retentionRuleCode", description, "accessRuleCode", "acceptUserIndex", "acceptArchiveWithoutProfile", "fileplanLevel", "processingStatuses") VALUES ('55', 'FICP', 'Fiche de Poste', NULL, NULL, 'originatingDate', NULL, NULL, NULL, true, true, 'item', NULL);
INSERT INTO "recordsManagement"."archivalProfile" ("archivalProfileId", reference, name, "descriptionSchema", "descriptionClass", "retentionStartDate", "retentionRuleCode", description, "accessRuleCode", "acceptUserIndex", "acceptArchiveWithoutProfile", "fileplanLevel", "processingStatuses") VALUES ('56', 'FICF', 'Fiche de Fonction', NULL, NULL, 'originatingDate', NULL, NULL, NULL, true, true, 'item', NULL);
INSERT INTO "recordsManagement"."archivalProfile" ("archivalProfileId", reference, name, "descriptionSchema", "descriptionClass", "retentionStartDate", "retentionRuleCode", description, "accessRuleCode", "acceptUserIndex", "acceptArchiveWithoutProfile", "fileplanLevel", "processingStatuses") VALUES ('57', 'DEMA', 'Demandes Administratives', NULL, NULL, 'originatingDate', NULL, NULL, NULL, true, true, 'item', NULL);
INSERT INTO "recordsManagement"."archivalProfile" ("archivalProfileId", reference, name, "descriptionSchema", "descriptionClass", "retentionStartDate", "retentionRuleCode", description, "accessRuleCode", "acceptUserIndex", "acceptArchiveWithoutProfile", "fileplanLevel", "processingStatuses") VALUES ('58', 'COUAA', 'Courrier Autorisation d''Absence', NULL, NULL, 'originatingDate', NULL, NULL, NULL, true, true, 'item', NULL);
INSERT INTO "recordsManagement"."archivalProfile" ("archivalProfileId", reference, name, "descriptionSchema", "descriptionClass", "retentionStartDate", "retentionRuleCode", description, "accessRuleCode", "acceptUserIndex", "acceptArchiveWithoutProfile", "fileplanLevel", "processingStatuses") VALUES ('59', 'COUCA', 'Courrier Congés Administratifs', NULL, NULL, 'originatingDate', NULL, NULL, NULL, true, true, 'item', NULL);
INSERT INTO "recordsManagement"."archivalProfile" ("archivalProfileId", reference, name, "descriptionSchema", "descriptionClass", "retentionStartDate", "retentionRuleCode", description, "accessRuleCode", "acceptUserIndex", "acceptArchiveWithoutProfile", "fileplanLevel", "processingStatuses") VALUES ('60', 'COUDE', 'Courrier Demande d''Emploi', NULL, NULL, 'originatingDate', NULL, NULL, NULL, true, true, 'item', NULL);
INSERT INTO "recordsManagement"."archivalProfile" ("archivalProfileId", reference, name, "descriptionSchema", "descriptionClass", "retentionStartDate", "retentionRuleCode", description, "accessRuleCode", "acceptUserIndex", "acceptArchiveWithoutProfile", "fileplanLevel", "processingStatuses") VALUES ('61', 'DOSETU', 'Dossier de Synthèse et d’Étude', NULL, NULL, 'originatingDate', NULL, NULL, NULL, true, true, 'file', NULL);
INSERT INTO "recordsManagement"."archivalProfile" ("archivalProfileId", reference, name, "descriptionSchema", "descriptionClass", "retentionStartDate", "retentionRuleCode", description, "accessRuleCode", "acceptUserIndex", "acceptArchiveWithoutProfile", "fileplanLevel", "processingStatuses") VALUES ('62', 'FICRM', 'Fiche de Remontée Mensuelle', NULL, NULL, 'originatingDate', NULL, NULL, NULL, true, true, 'item', NULL);
INSERT INTO "recordsManagement"."archivalProfile" ("archivalProfileId", reference, name, "descriptionSchema", "descriptionClass", "retentionStartDate", "retentionRuleCode", description, "accessRuleCode", "acceptUserIndex", "acceptArchiveWithoutProfile", "fileplanLevel", "processingStatuses") VALUES ('63', 'RAPT', 'Rapport Trimestriel', NULL, NULL, 'originatingDate', NULL, NULL, NULL, true, true, 'item', NULL);
INSERT INTO "recordsManagement"."archivalProfile" ("archivalProfileId", reference, name, "descriptionSchema", "descriptionClass", "retentionStartDate", "retentionRuleCode", description, "accessRuleCode", "acceptUserIndex", "acceptArchiveWithoutProfile", "fileplanLevel", "processingStatuses") VALUES ('64', 'RAPMOE', 'Rapport de Mise en Œuvre', NULL, NULL, 'originatingDate', NULL, NULL, NULL, true, true, 'item', NULL);
INSERT INTO "recordsManagement"."archivalProfile" ("archivalProfileId", reference, name, "descriptionSchema", "descriptionClass", "retentionStartDate", "retentionRuleCode", description, "accessRuleCode", "acceptUserIndex", "acceptArchiveWithoutProfile", "fileplanLevel", "processingStatuses") VALUES ('65', 'RAPA', 'Rapport d''Activité', NULL, NULL, 'originatingDate', NULL, NULL, NULL, true, true, 'item', NULL);
INSERT INTO "recordsManagement"."archivalProfile" ("archivalProfileId", reference, name, "descriptionSchema", "descriptionClass", "retentionStartDate", "retentionRuleCode", description, "accessRuleCode", "acceptUserIndex", "acceptArchiveWithoutProfile", "fileplanLevel", "processingStatuses") VALUES ('66', 'RAPSE', 'Rapport de Suivi et Évaluation', NULL, NULL, 'originatingDate', NULL, NULL, NULL, true, true, 'item', NULL);
INSERT INTO "recordsManagement"."archivalProfile" ("archivalProfileId", reference, name, "descriptionSchema", "descriptionClass", "retentionStartDate", "retentionRuleCode", description, "accessRuleCode", "acceptUserIndex", "acceptArchiveWithoutProfile", "fileplanLevel", "processingStatuses") VALUES ('67', 'RAPGES', 'Rapport de Gestion', NULL, NULL, 'originatingDate', NULL, NULL, NULL, true, true, 'item', NULL);
INSERT INTO "recordsManagement"."archivalProfile" ("archivalProfileId", reference, name, "descriptionSchema", "descriptionClass", "retentionStartDate", "retentionRuleCode", description, "accessRuleCode", "acceptUserIndex", "acceptArchiveWithoutProfile", "fileplanLevel", "processingStatuses") VALUES ('68', 'TDRE', 'Termes de Références des Études', NULL, NULL, 'originatingDate', NULL, NULL, NULL, true, true, 'item', NULL);
INSERT INTO "recordsManagement"."archivalProfile" ("archivalProfileId", reference, name, "descriptionSchema", "descriptionClass", "retentionStartDate", "retentionRuleCode", description, "accessRuleCode", "acceptUserIndex", "acceptArchiveWithoutProfile", "fileplanLevel", "processingStatuses") VALUES ('69', 'DCRN', 'Décret de Nomination', NULL, NULL, 'originatingDate', NULL, NULL, NULL, true, true, 'item', NULL);
INSERT INTO "recordsManagement"."archivalProfile" ("archivalProfileId", reference, name, "descriptionSchema", "descriptionClass", "retentionStartDate", "retentionRuleCode", description, "accessRuleCode", "acceptUserIndex", "acceptArchiveWithoutProfile", "fileplanLevel", "processingStatuses") VALUES ('70', 'FICCR', 'Fiche de compte rendu', NULL, NULL, 'originatingDate', NULL, NULL, NULL, true, true, 'item', NULL);
INSERT INTO "recordsManagement"."archivalProfile" ("archivalProfileId", reference, name, "descriptionSchema", "descriptionClass", "retentionStartDate", "retentionRuleCode", description, "accessRuleCode", "acceptUserIndex", "acceptArchiveWithoutProfile", "fileplanLevel", "processingStatuses") VALUES ('71', 'LETC', 'Lettre circulaire', NULL, NULL, 'originatingDate', NULL, NULL, NULL, true, true, 'item', NULL);
INSERT INTO "recordsManagement"."archivalProfile" ("archivalProfileId", reference, name, "descriptionSchema", "descriptionClass", "retentionStartDate", "retentionRuleCode", description, "accessRuleCode", "acceptUserIndex", "acceptArchiveWithoutProfile", "fileplanLevel", "processingStatuses") VALUES ('72', 'FICI', 'Fiche d''instruction', NULL, NULL, 'originatingDate', NULL, NULL, NULL, true, true, 'item', NULL);
INSERT INTO "recordsManagement"."archivalProfile" ("archivalProfileId", reference, name, "descriptionSchema", "descriptionClass", "retentionStartDate", "retentionRuleCode", description, "accessRuleCode", "acceptUserIndex", "acceptArchiveWithoutProfile", "fileplanLevel", "processingStatuses") VALUES ('73', 'RAPAMI', 'Rapport d''Audit et Missions Internes', NULL, NULL, 'originatingDate', NULL, NULL, NULL, true, true, 'item', NULL);
INSERT INTO "recordsManagement"."archivalProfile" ("archivalProfileId", reference, name, "descriptionSchema", "descriptionClass", "retentionStartDate", "retentionRuleCode", description, "accessRuleCode", "acceptUserIndex", "acceptArchiveWithoutProfile", "fileplanLevel", "processingStatuses") VALUES ('74', 'RAPAE', 'Rapport d''Audit Externe', NULL, NULL, 'originatingDate', NULL, NULL, NULL, true, true, 'item', NULL);
INSERT INTO "recordsManagement"."archivalProfile" ("archivalProfileId", reference, name, "descriptionSchema", "descriptionClass", "retentionStartDate", "retentionRuleCode", description, "accessRuleCode", "acceptUserIndex", "acceptArchiveWithoutProfile", "fileplanLevel", "processingStatuses") VALUES ('75', 'RAPER', 'Rapport d’Études et Recherches', NULL, NULL, 'originatingDate', NULL, NULL, NULL, true, true, 'item', NULL);
INSERT INTO "recordsManagement"."archivalProfile" ("archivalProfileId", reference, name, "descriptionSchema", "descriptionClass", "retentionStartDate", "retentionRuleCode", description, "accessRuleCode", "acceptUserIndex", "acceptArchiveWithoutProfile", "fileplanLevel", "processingStatuses") VALUES ('76', 'COUABID', 'Courrier Arrivée BID', NULL, NULL, 'originatingDate', NULL, NULL, NULL, true, true, 'item', NULL);
INSERT INTO "recordsManagement"."archivalProfile" ("archivalProfileId", reference, name, "descriptionSchema", "descriptionClass", "retentionStartDate", "retentionRuleCode", description, "accessRuleCode", "acceptUserIndex", "acceptArchiveWithoutProfile", "fileplanLevel", "processingStatuses") VALUES ('77', 'SMIROP', 'Fiche de visite SMIROP', NULL, NULL, 'originatingDate', NULL, NULL, NULL, true, true, 'item', NULL);
INSERT INTO "recordsManagement"."archivalProfile" ("archivalProfileId", reference, name, "descriptionSchema", "descriptionClass", "retentionStartDate", "retentionRuleCode", description, "accessRuleCode", "acceptUserIndex", "acceptArchiveWithoutProfile", "fileplanLevel", "processingStatuses") VALUES ('78', 'VISA', 'Visas obtenus', NULL, NULL, 'originatingDate', NULL, NULL, NULL, true, true, 'item', NULL);
INSERT INTO "recordsManagement"."archivalProfile" ("archivalProfileId", reference, name, "descriptionSchema", "descriptionClass", "retentionStartDate", "retentionRuleCode", description, "accessRuleCode", "acceptUserIndex", "acceptArchiveWithoutProfile", "fileplanLevel", "processingStatuses") VALUES ('79', 'FACVEN', 'Facture de vente', NULL, NULL, 'originatingDate', 'COM', NULL, NULL, true, true, 'item', NULL);
INSERT INTO "recordsManagement"."archivalProfile" ("archivalProfileId", reference, name, "descriptionSchema", "descriptionClass", "retentionStartDate", "retentionRuleCode", description, "accessRuleCode", "acceptUserIndex", "acceptArchiveWithoutProfile", "fileplanLevel", "processingStatuses") VALUES ('workflow_pod6si-219d-hiploo', 'BULPAI', 'Bulletins de paie', NULL, '', NULL, 'BULPAI', '', NULL, false, false, 'item', '{}');
INSERT INTO "recordsManagement"."archivalProfile" ("archivalProfileId", reference, name, "descriptionSchema", "descriptionClass", "retentionStartDate", "retentionRuleCode", description, "accessRuleCode", "acceptUserIndex", "acceptArchiveWithoutProfile", "fileplanLevel", "processingStatuses") VALUES ('80', 'FACACH', 'Facture d''achat', NULL, '', 'originatingDate', 'COM', '', NULL, true, false, 'item', '{"NEW": {"type": "initial", "label": "Nouvelle(s) facture(s)", "actions": {"qualify": {}, "cancelQualify": {}}, "default": true, "position": 0, "filterUserAccess": false}, "PAYED": {"type": "final", "label": "Payée", "actions": {}, "default": false, "position": 6, "filterUserAccess": false}, "APPROVED": {"type": "intermediate", "label": "À payer", "actions": {"pay": {}, "updateMetadata": {}}, "default": false, "position": 5, "filterUserAccess": true}, "REJECTED": {"type": "intermediate", "label": "Rejetée(s)", "actions": {"sendValidation": {}, "updateMetadata": {}, "sendToApprobation": {}}, "default": false, "position": 3, "filterUserAccess": true}, "CANCELLED": {"type": "final", "label": "Annulée", "actions": {}, "default": false, "position": 7, "filterUserAccess": false}, "QUALIFIED": {"type": "intermediate", "label": "À valider", "actions": {"reject": {}, "redirect": {}, "validate": {}}, "default": false, "position": 1, "filterUserAccess": true}, "VALIDATED": {"type": "intermediate", "label": "À approuver", "actions": {"reject": {}, "approve": {}}, "default": false, "position": 4, "filterUserAccess": true}, "MISQUALIFIED": {"type": "intermediate", "label": "À requalifier", "actions": {"qualify": {}}, "default": false, "position": 2, "filterUserAccess": true}}');

INSERT INTO "recordsManagement"."archivalProfileContents" ("parentProfileId", "containedProfileId") VALUES ('7', '8');
INSERT INTO "recordsManagement"."archivalProfileContents" ("parentProfileId", "containedProfileId") VALUES ('7', '9');
INSERT INTO "recordsManagement"."archivalProfileContents" ("parentProfileId", "containedProfileId") VALUES ('7', '10');
INSERT INTO "recordsManagement"."archivalProfileContents" ("parentProfileId", "containedProfileId") VALUES ('7', '11');
INSERT INTO "recordsManagement"."archivalProfileContents" ("parentProfileId", "containedProfileId") VALUES ('12', '9');
INSERT INTO "recordsManagement"."archivalProfileContents" ("parentProfileId", "containedProfileId") VALUES ('12', '13');
INSERT INTO "recordsManagement"."archivalProfileContents" ("parentProfileId", "containedProfileId") VALUES ('12', '14');
INSERT INTO "recordsManagement"."archivalProfileContents" ("parentProfileId", "containedProfileId") VALUES ('15', '9');
INSERT INTO "recordsManagement"."archivalProfileContents" ("parentProfileId", "containedProfileId") VALUES ('15', '14');
INSERT INTO "recordsManagement"."archivalProfileContents" ("parentProfileId", "containedProfileId") VALUES ('15', '16');
INSERT INTO "recordsManagement"."archivalProfileContents" ("parentProfileId", "containedProfileId") VALUES ('19', '2');
INSERT INTO "recordsManagement"."archivalProfileContents" ("parentProfileId", "containedProfileId") VALUES ('19', '18');
INSERT INTO "recordsManagement"."archivalProfileContents" ("parentProfileId", "containedProfileId") VALUES ('19', '20');
INSERT INTO "recordsManagement"."archivalProfileContents" ("parentProfileId", "containedProfileId") VALUES ('19', '21');
INSERT INTO "recordsManagement"."archivalProfileContents" ("parentProfileId", "containedProfileId") VALUES ('19', '22');
INSERT INTO "recordsManagement"."archivalProfileContents" ("parentProfileId", "containedProfileId") VALUES ('19', '23');
INSERT INTO "recordsManagement"."archivalProfileContents" ("parentProfileId", "containedProfileId") VALUES ('19', '24');
INSERT INTO "recordsManagement"."archivalProfileContents" ("parentProfileId", "containedProfileId") VALUES ('19', '26');
INSERT INTO "recordsManagement"."archivalProfileContents" ("parentProfileId", "containedProfileId") VALUES ('28', '1');
INSERT INTO "recordsManagement"."archivalProfileContents" ("parentProfileId", "containedProfileId") VALUES ('28', '29');
INSERT INTO "recordsManagement"."archivalProfileContents" ("parentProfileId", "containedProfileId") VALUES ('28', '30');
INSERT INTO "recordsManagement"."archivalProfileContents" ("parentProfileId", "containedProfileId") VALUES ('28', '31');
INSERT INTO "recordsManagement"."archivalProfileContents" ("parentProfileId", "containedProfileId") VALUES ('28', '33');
INSERT INTO "recordsManagement"."archivalProfileContents" ("parentProfileId", "containedProfileId") VALUES ('28', '34');
INSERT INTO "recordsManagement"."archivalProfileContents" ("parentProfileId", "containedProfileId") VALUES ('28', '35');
INSERT INTO "recordsManagement"."archivalProfileContents" ("parentProfileId", "containedProfileId") VALUES ('28', '37');
INSERT INTO "recordsManagement"."archivalProfileContents" ("parentProfileId", "containedProfileId") VALUES ('28', '39');
INSERT INTO "recordsManagement"."archivalProfileContents" ("parentProfileId", "containedProfileId") VALUES ('28', '41');
INSERT INTO "recordsManagement"."archivalProfileContents" ("parentProfileId", "containedProfileId") VALUES ('28', '42');
INSERT INTO "recordsManagement"."archivalProfileContents" ("parentProfileId", "containedProfileId") VALUES ('28', '43');
INSERT INTO "recordsManagement"."archivalProfileContents" ("parentProfileId", "containedProfileId") VALUES ('28', '47');
INSERT INTO "recordsManagement"."archivalProfileContents" ("parentProfileId", "containedProfileId") VALUES ('28', '53');
INSERT INTO "recordsManagement"."archivalProfileContents" ("parentProfileId", "containedProfileId") VALUES ('28', '54');
INSERT INTO "recordsManagement"."archivalProfileContents" ("parentProfileId", "containedProfileId") VALUES ('28', '55');
INSERT INTO "recordsManagement"."archivalProfileContents" ("parentProfileId", "containedProfileId") VALUES ('28', '56');
INSERT INTO "recordsManagement"."archivalProfileContents" ("parentProfileId", "containedProfileId") VALUES ('28', '57');
INSERT INTO "recordsManagement"."archivalProfileContents" ("parentProfileId", "containedProfileId") VALUES ('28', '58');
INSERT INTO "recordsManagement"."archivalProfileContents" ("parentProfileId", "containedProfileId") VALUES ('28', '59');
INSERT INTO "recordsManagement"."archivalProfileContents" ("parentProfileId", "containedProfileId") VALUES ('28', '60');
INSERT INTO "recordsManagement"."archivalProfileContents" ("parentProfileId", "containedProfileId") VALUES ('28', '77');
INSERT INTO "recordsManagement"."archivalProfileContents" ("parentProfileId", "containedProfileId") VALUES ('28', '78');
INSERT INTO "recordsManagement"."archivalProfileContents" ("parentProfileId", "containedProfileId") VALUES ('61', '1');
INSERT INTO "recordsManagement"."archivalProfileContents" ("parentProfileId", "containedProfileId") VALUES ('61', '17');
INSERT INTO "recordsManagement"."archivalProfileContents" ("parentProfileId", "containedProfileId") VALUES ('61', '63');
INSERT INTO "recordsManagement"."archivalProfileContents" ("parentProfileId", "containedProfileId") VALUES ('61', '64');
INSERT INTO "recordsManagement"."archivalProfileContents" ("parentProfileId", "containedProfileId") VALUES ('61', '65');
INSERT INTO "recordsManagement"."archivalProfileContents" ("parentProfileId", "containedProfileId") VALUES ('61', '66');
INSERT INTO "recordsManagement"."archivalProfileContents" ("parentProfileId", "containedProfileId") VALUES ('61', '67');
INSERT INTO "recordsManagement"."archivalProfileContents" ("parentProfileId", "containedProfileId") VALUES ('61', '68');
INSERT INTO "recordsManagement"."archivalProfileContents" ("parentProfileId", "containedProfileId") VALUES ('61', '69');

INSERT INTO "recordsManagement"."archiveDescription" ("archivalProfileId", "fieldName", required, "position", "isImmutable", "isRetained", "isInList") VALUES ('1', 'org', false, 0, false, false, false);
INSERT INTO "recordsManagement"."archiveDescription" ("archivalProfileId", "fieldName", required, "position", "isImmutable", "isRetained", "isInList") VALUES ('2', 'org', false, 0, false, false, false);
INSERT INTO "recordsManagement"."archiveDescription" ("archivalProfileId", "fieldName", required, "position", "isImmutable", "isRetained", "isInList") VALUES ('3', 'org', false, 0, false, false, false);
INSERT INTO "recordsManagement"."archiveDescription" ("archivalProfileId", "fieldName", required, "position", "isImmutable", "isRetained", "isInList") VALUES ('4', 'org', false, 0, false, false, false);
INSERT INTO "recordsManagement"."archiveDescription" ("archivalProfileId", "fieldName", required, "position", "isImmutable", "isRetained", "isInList") VALUES ('5', 'org', false, 0, false, false, false);
INSERT INTO "recordsManagement"."archiveDescription" ("archivalProfileId", "fieldName", required, "position", "isImmutable", "isRetained", "isInList") VALUES ('6', 'org', false, 0, false, false, false);
INSERT INTO "recordsManagement"."archiveDescription" ("archivalProfileId", "fieldName", required, "position", "isImmutable", "isRetained", "isInList") VALUES ('28', 'fullname', false, 1, false, false, false);
INSERT INTO "recordsManagement"."archiveDescription" ("archivalProfileId", "fieldName", required, "position", "isImmutable", "isRetained", "isInList") VALUES ('28', 'empid', true, 2, false, false, false);
INSERT INTO "recordsManagement"."archiveDescription" ("archivalProfileId", "fieldName", required, "position", "isImmutable", "isRetained", "isInList") VALUES ('61', 'service', false, 0, false, false, false);
INSERT INTO "recordsManagement"."archiveDescription" ("archivalProfileId", "fieldName", required, "position", "isImmutable", "isRetained", "isInList") VALUES ('69', 'service', false, 0, false, false, false);
INSERT INTO "recordsManagement"."archiveDescription" ("archivalProfileId", "fieldName", required, "position", "isImmutable", "isRetained", "isInList") VALUES ('70', 'service', false, 0, false, false, false);
INSERT INTO "recordsManagement"."archiveDescription" ("archivalProfileId", "fieldName", required, "position", "isImmutable", "isRetained", "isInList") VALUES ('71', 'service', false, 0, false, false, false);
INSERT INTO "recordsManagement"."archiveDescription" ("archivalProfileId", "fieldName", required, "position", "isImmutable", "isRetained", "isInList") VALUES ('72', 'service', false, 0, false, false, false);
INSERT INTO "recordsManagement"."archiveDescription" ("archivalProfileId", "fieldName", required, "position", "isImmutable", "isRetained", "isInList") VALUES ('73', 'service', false, 0, false, false, false);
INSERT INTO "recordsManagement"."archiveDescription" ("archivalProfileId", "fieldName", required, "position", "isImmutable", "isRetained", "isInList") VALUES ('74', 'service', false, 0, false, false, false);
INSERT INTO "recordsManagement"."archiveDescription" ("archivalProfileId", "fieldName", required, "position", "isImmutable", "isRetained", "isInList") VALUES ('75', 'service', false, 0, false, false, false);
INSERT INTO "recordsManagement"."archiveDescription" ("archivalProfileId", "fieldName", required, "position", "isImmutable", "isRetained", "isInList") VALUES ('76', 'service', false, 0, false, false, false);
INSERT INTO "recordsManagement"."archiveDescription" ("archivalProfileId", "fieldName", required, "position", "isImmutable", "isRetained", "isInList") VALUES ('79', 'customer', false, 0, false, false, false);
INSERT INTO "recordsManagement"."archiveDescription" ("archivalProfileId", "fieldName", required, "position", "isImmutable", "isRetained", "isInList") VALUES ('79', 'salesPerson', false, 0, false, false, false);
INSERT INTO "recordsManagement"."archiveDescription" ("archivalProfileId", "fieldName", required, "position", "isImmutable", "isRetained", "isInList") VALUES ('workflow_pod6si-219d-hiploo', 'empid', true, 0, false, NULL, false);
INSERT INTO "recordsManagement"."archiveDescription" ("archivalProfileId", "fieldName", required, "position", "isImmutable", "isRetained", "isInList") VALUES ('workflow_pod6si-219d-hiploo', 'fullname', true, 1, false, NULL, false);
INSERT INTO "recordsManagement"."archiveDescription" ("archivalProfileId", "fieldName", required, "position", "isImmutable", "isRetained", "isInList") VALUES ('workflow_pod6si-219d-hiploo', 'service', false, 2, false, NULL, false);
INSERT INTO "recordsManagement"."archiveDescription" ("archivalProfileId", "fieldName", required, "position", "isImmutable", "isRetained", "isInList") VALUES ('workflow_pod6si-219d-hiploo', 'org', true, 3, false, NULL, false);
INSERT INTO "recordsManagement"."archiveDescription" ("archivalProfileId", "fieldName", required, "position", "isImmutable", "isRetained", "isInList") VALUES ('80', 'service', false, 0, false, NULL, true);
INSERT INTO "recordsManagement"."archiveDescription" ("archivalProfileId", "fieldName", required, "position", "isImmutable", "isRetained", "isInList") VALUES ('80', 'taxIdentifier', true, 1, false, NULL, false);
INSERT INTO "recordsManagement"."archiveDescription" ("archivalProfileId", "fieldName", required, "position", "isImmutable", "isRetained", "isInList") VALUES ('80', 'supplier', false, 2, false, NULL, true);
INSERT INTO "recordsManagement"."archiveDescription" ("archivalProfileId", "fieldName", required, "position", "isImmutable", "isRetained", "isInList") VALUES ('80', 'netPayable', false, 3, false, NULL, true);
INSERT INTO "recordsManagement"."archiveDescription" ("archivalProfileId", "fieldName", required, "position", "isImmutable", "isRetained", "isInList") VALUES ('80', 'dueDate', false, 4, false, NULL, false);
INSERT INTO "recordsManagement"."archiveDescription" ("archivalProfileId", "fieldName", required, "position", "isImmutable", "isRetained", "isInList") VALUES ('80', 'orderNumber', false, 5, false, NULL, false);

INSERT INTO "recordsManagement"."descriptionField" (name, label, type, "default", "minLength", "maxLength", "minValue", "maxValue", enumeration, pattern, "isArray") VALUES ('org', 'Organisation', 'name', '', NULL, NULL, NULL, NULL, '["ACME Paris","ACME Dakar","ACME Cotonou"]', NULL, false);
INSERT INTO "recordsManagement"."descriptionField" (name, label, type, "default", "minLength", "maxLength", "minValue", "maxValue", enumeration, pattern, "isArray") VALUES ('fullname', 'Nom complet', 'name', NULL, NULL, NULL, NULL, NULL, NULL, NULL, false);
INSERT INTO "recordsManagement"."descriptionField" (name, label, type, "default", "minLength", "maxLength", "minValue", "maxValue", enumeration, pattern, "isArray") VALUES ('empid', 'Matricule', 'name', NULL, NULL, NULL, NULL, NULL, NULL, NULL, false);
INSERT INTO "recordsManagement"."descriptionField" (name, label, type, "default", "minLength", "maxLength", "minValue", "maxValue", enumeration, pattern, "isArray") VALUES ('customer', 'Client', 'text', NULL, NULL, NULL, NULL, NULL, NULL, NULL, false);
INSERT INTO "recordsManagement"."descriptionField" (name, label, type, "default", "minLength", "maxLength", "minValue", "maxValue", enumeration, pattern, "isArray") VALUES ('salesPerson', 'Vendeur', 'text', NULL, NULL, NULL, NULL, NULL, NULL, NULL, false);
INSERT INTO "recordsManagement"."descriptionField" (name, label, type, "default", "minLength", "maxLength", "minValue", "maxValue", enumeration, pattern, "isArray") VALUES ('documentId', 'Identifiant de document', 'name', NULL, NULL, NULL, NULL, NULL, NULL, NULL, false);
INSERT INTO "recordsManagement"."descriptionField" (name, label, type, "default", "minLength", "maxLength", "minValue", "maxValue", enumeration, pattern, "isArray") VALUES ('taxIdentifier', 'N° TVA Intraco.', 'name', NULL, NULL, NULL, NULL, NULL, NULL, NULL, false);
INSERT INTO "recordsManagement"."descriptionField" (name, label, type, "default", "minLength", "maxLength", "minValue", "maxValue", enumeration, pattern, "isArray") VALUES ('supplier', 'Fournisseur', 'text', NULL, NULL, NULL, NULL, NULL, NULL, NULL, false);
INSERT INTO "recordsManagement"."descriptionField" (name, label, type, "default", "minLength", "maxLength", "minValue", "maxValue", enumeration, pattern, "isArray") VALUES ('netPayable', 'Net à payer', 'number', NULL, NULL, NULL, NULL, NULL, NULL, NULL, false);
INSERT INTO "recordsManagement"."descriptionField" (name, label, type, "default", "minLength", "maxLength", "minValue", "maxValue", enumeration, pattern, "isArray") VALUES ('dueDate', 'Date d''échéance', 'date', NULL, NULL, NULL, NULL, NULL, NULL, NULL, false);
INSERT INTO "recordsManagement"."descriptionField" (name, label, type, "default", "minLength", "maxLength", "minValue", "maxValue", enumeration, pattern, "isArray") VALUES ('orderNumber', 'Numéro de commande', 'name', NULL, NULL, NULL, NULL, NULL, NULL, NULL, false);
INSERT INTO "recordsManagement"."descriptionField" (name, label, type, "default", "minLength", "maxLength", "minValue", "maxValue", enumeration, pattern, "isArray") VALUES ('service', 'Service Concerné', 'name', '', NULL, NULL, NULL, NULL, '["MARK","DSG","DSI","DAF"]', NULL, false);
